country_id,year,log_exports,tfi_score,log_gdp,log_distance,tariff_rate,infra_score,fx_volatility
Country_001,2014,11.372789738289491,0.6072813214307398,10.549729276522736,7.224668284466934,15.947184861270363,3.124109643192347,0.011835553075142316
Country_001,2015,11.180437775438973,0.6974080854835689,10.593681797592229,7.224668284466934,13.85587696758865,2.978650994846361,0.08630101912351316
Country_001,2016,11.44501652539188,0.598895173506802,10.674217458939248,7.224668284466934,16.614285508564855,3.0351018084342214,0.18200985801556183
Country_001,2017,10.605639960393354,0.5617089373146102,10.705838601921464,7.224668284466934,15.06364574355462,3.409879362852897,0.1819277879285802
Country_001,2018,11.955632292619383,0.6726094938462863,10.735369104726335,7.224668284466934,13.692896418993952,3.2452576538997753,0.0007391684488795528
Country_001,2019,11.74901341701013,0.5015184751538656,10.767498085873976,7.224668284466934,11.071297163947264,3.284966602398294,0.09418522293238502
Country_001,2020,10.958892698707464,0.7336537664042608,10.723279287348909,7.224668284466934,13.31310721726766,3.149764115067214,0.10978860413326326
Country_001,2021,11.63480711931201,0.737283867690103,10.86101326867126,7.224668284466934,12.325561853872996,3.1764717820041253,0.0366733045765616
Country_001,2022,12.071277877614417,0.8519031664257337,10.798368740727765,7.224668284466934,9.368379430069123,3.575734709638179,0.07978675085891865
Country_001,2023,11.54291506631323,0.7530711653879079,10.873494556802937,7.224668284466934,13.407068154314633,3.1687189465636902,0.1025409442452643
Country_002,2014,10.6762941729834,0.40463698495866024,11.212535483598487,7.4645537509694435,16.428000988184184,2.975173522223668,0.2720673612897645
Country_002,2015,10.56149850023866,0.6753410014550572,11.211368936961359,7.4645537509694435,11.470305550628272,2.864790676157704,0.06509895936481822
Country_002,2016,10.882150454505172,0.6110183510268095,11.292367669157338,7.4645537509694435,14.770634759457673,3.1461907445890267,0.3688455798277054
Country_002,2017,11.111626867525828,0.7232119215783867,11.316619058787078,7.4645537509694435,11.214059404338753,3.3244894315320908,0.0969830044979592
Country_002,2018,11.372353154906898,0.7228083466435541,11.274825154466923,7.4645537509694435,11.124349920169754,3.260889823974171,0.1955692769469309
Country_002,2019,11.946697370484976,0.7394885536900325,11.399461007180081,7.4645537509694435,20.20546298130944,3.5161762655944173,0.1270895579963364
Country_002,2020,10.672622893389052,0.6326748857919833,11.38794516063276,7.4645537509694435,13.517938440986535,3.3330045596218674,0.00292832833686856
Country_002,2021,11.368603076720094,0.6259623756384853,11.549441551198456,7.4645537509694435,7.765469614816504,3.267093638922022,0.0030450799426231506
Country_002,2022,11.374130073439616,0.5981181537955655,11.440112029575307,7.4645537509694435,13.177901193934732,3.712076028226576,0.019449440274392268
Country_002,2023,11.74864723778044,0.5955045163505823,11.457190291278922,7.4645537509694435,10.93291717916395,3.9278071914784927,0.08116299585636927
Country_003,2014,12.093236134408702,0.5316914262116909,10.746592148915722,6.987428706671197,16.704866669592448,2.845636184448649,0.0152245228913687
Country_003,2015,11.862522370743969,0.5847679994118362,10.785934206596092,6.987428706671197,13.193341534852577,3.2390763380175134,0.026272980911119674
Country_003,2016,11.7442137053213,0.5658800187283369,10.945789282004775,6.987428706671197,16.064930521102294,2.9538517193540694,0.11345454782053706
Country_003,2017,11.153099486233678,0.6022521487261976,10.891872443561454,6.987428706671197,15.049268106858673,3.1461115718200903,0.051316026567549695
Country_003,2018,12.652498989512543,0.599551420319212,10.887053064584483,6.987428706671197,10.504433636070301,3.508613530371817,0.0037089859216427783
Country_003,2019,13.165122904246134,0.6509408775740263,11.001745136607449,6.987428706671197,9.628275697641122,3.330995101754105,0.014228229501384587
Country_003,2020,11.757128164915809,0.5279533931624866,10.969634456932814,6.987428706671197,10.79956624568241,3.4294325393574088,0.06854259564620356
Country_003,2021,12.282279342829595,0.677475867147455,11.06898231296141,6.987428706671197,9.024369002346301,3.4873697025531945,0.03903420218801497
Country_003,2022,12.213616614788567,0.5813565945380688,11.033731065540893,6.987428706671197,9.754600960358813,3.576998093437333,0.0018837602544569208
Country_003,2023,12.340421914449022,0.615449448286497,11.020213234306931,6.987428706671197,12.19920419404205,3.640402218769339,0.16795326512695574
Country_004,2014,12.149737448963386,0.6251844254922575,11.402993512339314,8.40643105941948,13.879637919606061,2.6424656776136435,0.11983636026748697
Country_004,2015,12.241851263542173,0.6775238255529036,11.50179813194392,8.40643105941948,14.095614695132213,3.360571955167865,0.11237063894840138
Country_004,2016,13.099064924105592,0.5360148803091835,11.569717203243135,8.40643105941948,14.042007683265519,3.052155040426049,0.0008717445292140383
Country_004,2017,12.754112319561123,0.7451821440812668,11.55065158050984,8.40643105941948,13.23971389126463,3.532463527967994,0.047601173089828606
Country_004,2018,13.112708076153497,0.6817555368231115,11.514142393810433,8.40643105941948,10.571622774424537,3.3541356659046224,0.12470648254789934
Country_004,2019,13.475512036129958,0.5172676280049933,11.593830924243072,8.40643105941948,10.705491257028337,2.831996450273944,0.1749294931376641
Country_004,2020,12.787629341348005,0.5628975046158508,11.583168403045793,8.40643105941948,11.357228316694012,3.422768268295085,0.008528696979630835
Country_004,2021,12.912949389655195,0.561828901909258,11.666691591440856,8.40643105941948,10.48611364925774,3.4618218405229055,0.006787900046424965
Country_004,2022,13.555585460068112,0.8038398701772508,11.612039045810553,8.40643105941948,8.185072451246889,3.267154511339115,0.0069755194958365805
Country_004,2023,12.793919282559656,0.7072666027740929,11.729988641165319,8.40643105941948,13.450712433899104,3.3895351515847385,0.0505883495666341
Country_005,2014,8.406946079875643,0.6886517645423627,9.285120910383574,8.161359280169044,18.065477826005157,2.7108780055055837,0.16236020305361837
Country_005,2015,8.160303753648149,0.4421389694206197,9.300358208762036,8.161359280169044,14.52518480156359,3.1447254775455127,0.05923551465448352
Country_005,2016,9.474557548012282,0.576362319430332,9.39171076506127,8.161359280169044,15.918541652170413,3.3400823096826797,0.1851386215586118
Country_005,2017,8.054246325622605,0.5432143548943398,9.4586437313324,8.161359280169044,11.883403429289697,3.118455208349179,0.03487628276933867
Country_005,2018,9.064019240152241,0.7723184422998499,9.34119695159383,8.161359280169044,13.300787572952416,2.817458696587156,0.13447257339903973
Country_005,2019,10.113501583369962,0.7732781553481527,9.364232851104099,8.161359280169044,13.483838343013012,3.398392603305893,0.04333620052744907
Country_005,2020,8.77755259882434,0.8161828387944834,9.49812559070758,8.161359280169044,11.061648695790591,3.3590955048846367,0.03835789598064769
Country_005,2021,8.695640986905959,0.6644458507012996,9.463426592408887,8.161359280169044,13.975632623946924,3.328274267182229,0.16003409120026482
Country_005,2022,8.957017929577377,0.7906962245541532,9.499415769657425,8.161359280169044,11.093961187529484,3.337395258356712,0.011063707545047093
Country_005,2023,9.466524678355842,0.6485928416510389,9.53516836625711,8.161359280169044,11.528877668117499,3.6620893628220936,0.035473636983768486
Country_006,2014,9.162812554088811,0.556049050333598,9.454827793941297,8.166157005989795,15.231349268585717,3.033994580581462,0.06584916647841177
Country_006,2015,8.495443500861214,0.46020456853519226,9.394821987741215,8.166157005989795,16.44314190190871,3.347809034776896,0.01915851947947548
Country_006,2016,9.356486146389845,0.5576732135299197,9.490191419507651,8.166157005989795,10.482521027153771,3.2772127120492307,0.03424820915400894
Country_006,2017,8.440475031422796,0.5789628346963811,9.542388047769972,8.166157005989795,13.648189560839551,3.346309475346016,0.2388952332299734
Country_006,2018,9.143846752134516,0.6177407268714784,9.412101073197412,8.166157005989795,12.888904602206763,3.1987601720652257,0.03188928256803998
Country_006,2019,9.454839740678095,0.5227589984325992,9.462046720139929,8.166157005989795,13.839345097660077,3.0297496190305777,0.03393114526358442
Country_006,2020,8.703400493900132,0.7202673215563081,9.554136240301512,8.166157005989795,13.910284641002477,3.2106633058618663,0.0033381770174052243
Country_006,2021,8.808664070661935,0.5931031452830241,9.56075731424655,8.166157005989795,9.914254335475311,3.0631822261534953,0.03623848924087348
Country_006,2022,9.589956468696029,0.5717936419523297,9.71550645181099,8.166157005989795,11.070527103943457,3.5029177981381077,0.006823634430106741
Country_006,2023,9.505909648799602,0.8218603839379185,9.641653792680628,8.166157005989795,10.058060800933553,3.302717565548471,0.018791922494522658
Country_007,2014,8.721346619532142,0.5387604148399444,6.971358699786696,7.862474151424178,17.73374853488905,3.1702804184757656,0.1804613403464491
Country_007,2015,8.172729192071204,0.45215160340193283,7.231062293319385,7.862474151424178,16.73914982286915,3.3547574820387616,0.022215424260852264
Country_007,2016,9.223048037203291,0.44602135933331793,7.069300715632408,7.862474151424178,11.155492580804651,2.887747473410682,0.031739938418558614
Country_007,2017,8.872202959192288,0.6967513715822015,7.221475334650251,7.862474151424178,15.263279513898901,2.9752051761029805,0.061620669063585806
Country_007,2018,9.316525075576381,0.6094978638689038,7.243274456760106,7.862474151424178,14.077820087369318,3.1223861620405176,0.03608918603796988
Country_007,2019,9.961389687660231,0.6068290177693538,7.243427130273205,7.862474151424178,16.31883328094026,3.2555381863232427,0.021663562300543997
Country_007,2020,8.794910814802376,0.5759701072153918,7.194586124440531,7.862474151424178,11.025749232470607,3.1342832457962526,0.18166011594847323
Country_007,2021,9.383466503801488,0.6631190480968985,7.259544334293865,7.862474151424178,9.838099767177924,3.4280506537966287,0.16049952495745237
Country_007,2022,9.578231544246538,0.6112662762170198,7.258279686368207,7.862474151424178,12.510782451651512,3.5056633219260753,0.06509203375237937
Country_007,2023,9.351944526271614,0.8108478799575811,7.233647988840555,7.862474151424178,11.58672038475987,3.3370885993460853,0.044331564005586445
Country_008,2014,11.643034987644254,0.48658916597207674,10.585113545078148,7.186228781058419,13.191366749791182,2.7721716542820234,0.0524897102422822
Country_008,2015,11.259363451744852,0.5209812834581762,10.569535614601964,7.186228781058419,14.594797342632829,2.929606264220723,0.09153130808162813
Country_008,2016,11.414064334272108,0.5814728565650475,10.658617628887837,7.186228781058419,16.8831372413158,2.7459513623316214,0.21220448385766247
Country_008,2017,11.882827176893139,0.7415021370463113,10.68068471366064,7.186228781058419,12.29202962656836,3.2476088158757497,0.14752617130571824
Country_008,2018,11.719125550100987,0.5404881960143234,10.709007553095832,7.186228781058419,12.176246067755065,3.1363042978699323,0.1348082626051207
Country_008,2019,12.476903827480498,0.6076491452370507,10.736616162836894,7.186228781058419,16.65080159729088,3.1959593362644925,0.13568661302784557
Country_008,2020,11.514563269654293,0.6588039357008819,10.65022119323318,7.186228781058419,9.983827378165191,3.510318608134333,0.05588822525564768
Country_008,2021,11.942782784815167,0.6551673664119635,10.798473788680282,7.186228781058419,11.061798942382271,3.5284821639630426,0.07830394430858646
Country_008,2022,12.218960092903796,0.6017816217990162,10.73819810770308,7.186228781058419,13.287508086413858,3.501875623267221,0.06099310864392225
Country_008,2023,11.610384499370685,0.6255024639198254,10.851220732744997,7.186228781058419,10.996441172600672,3.231721912541306,0.10898944494947292
Country_009,2014,8.892592411746543,0.5026245246147723,9.807462821139644,8.035783118609697,15.667324210573897,3.257394992769919,0.012993743193633294
Country_009,2015,9.07770898290414,0.6360109609638224,9.851363260684591,8.035783118609697,12.655669351644748,3.32718066425822,0.06259752809565106
Country_009,2016,9.483092942728959,0.4944793150404277,9.804824369897146,8.035783118609697,11.510690593377166,3.1341188407161726,0.040979652758321786
Country_009,2017,9.111616176537698,0.506005420934824,9.906232112670027,8.035783118609697,13.38883065817909,3.186106168361086,0.07562754544024582
Country_009,2018,9.44749355945991,0.6889952471630677,9.908983569582569,8.035783118609697,14.451533247797384,3.243372207396588,0.013240840729929737
Country_009,2019,9.686158873924654,0.6272392013907158,10.027615054676076,8.035783118609697,15.190840092309955,3.2867766703810317,0.2078300970443294
Country_009,2020,9.462254661042355,0.8154523596887004,9.914033588839395,8.035783118609697,11.748426159800704,3.807738220347497,0.04073318747272109
Country_009,2021,8.70466154554813,0.7808560345794034,9.985613434923376,8.035783118609697,10.64623786010516,3.5204492978060538,0.20191403809224334
Country_009,2022,9.462488957009398,0.7812503744329246,9.959015784865272,8.035783118609697,8.409842455872768,3.0994469964738793,0.048182588046092406
Country_009,2023,9.430799296516657,0.729510331821844,10.041226676648026,8.035783118609697,9.95455286050466,3.6108878220221734,0.03600276664317826
Country_010,2014,11.561999076910135,0.42560490042359317,12.176403109793895,8.924478047472672,12.78694818251666,3.000139823511435,0.07238554592711566
Country_010,2015,11.157236849242015,0.4829716779286758,12.220544008917283,8.924478047472672,14.451749825779993,3.0270311961033953,0.01692563438470527
Country_010,2016,11.511041623252607,0.6094523399787849,12.248209880810837,8.924478047472672,12.91315045773247,3.3777164538080577,0.046494517743006426
Country_010,2017,11.137783891327672,0.5065720737792138,12.342151803946518,8.924478047472672,9.353219535183701,3.2079684528336934,0.23367293674117484
Country_010,2018,11.994342781335243,0.6731998629717048,12.239471959585746,8.924478047472672,11.44436662481825,3.1276218057533995,0.013582688263960849
Country_010,2019,11.990539001787903,0.508128797751045,12.386631463979011,8.924478047472672,15.043110189988317,3.109105979308094,0.08915317782622814
Country_010,2020,11.597715233419633,0.7158238323555625,12.343621531007647,8.924478047472672,12.978749122455836,3.2298636944242425,0.022289561312915783
Country_010,2021,11.896585098923762,0.7890659593700975,12.435395542731813,8.924478047472672,12.38852662297208,3.6792794485359948,0.018351472826318462
Country_010,2022,12.227584439858248,0.5639005770532208,12.459502607220056,8.924478047472672,10.380907121372019,3.06604416558632,0.1785490416657462
Country_010,2023,11.539321898504197,0.6578270300293878,12.433711393295685,8.924478047472672,12.598018451673779,3.713153301656432,0.02496493678522183
Country_011,2014,11.936284679197346,0.4883397278625753,13.02809480258236,7.359785323751859,18.392912736580076,3.194364538034547,0.12869715631439202
Country_011,2015,12.062386129032868,0.5006032078154838,13.144010662365853,7.359785323751859,14.386108752557865,3.4810479076866145,0.023860374394315112
Country_011,2016,12.800043905295444,0.7353206542110656,13.200734544882945,7.359785323751859,13.632033327294641,2.842310524048535,0.02543011773831463
Country_011,2017,12.103866310770346,0.5422165662061618,13.23198353573143,7.359785323751859,11.543254444769936,3.5511148091279905,0.1416351353937888
Country_011,2018,12.470129818990696,0.660155058130096,13.26499275969224,7.359785323751859,14.965381967891028,2.999248421687326,0.19665676486170414
Country_011,2019,13.165855255585393,0.6556753115848513,13.190147561409965,7.359785323751859,9.940846066528596,3.180397382740632,0.07393617751880925
Country_011,2020,12.1515497142904,0.60660812103121,13.28161538282695,7.359785323751859,9.186677806303555,3.5682623839400267,0.02820572316844407
Country_011,2021,12.378039406193674,0.7391013496087945,13.294721328534951,7.359785323751859,16.76476412967478,3.369064161389544,0.019359649059523785
Country_011,2022,12.812920875084993,0.708909874160371,13.343409381664658,7.359785323751859,11.244019629290722,3.0620885547843457,0.11789199673173878
Country_011,2023,12.343485834171043,0.7865207189283209,13.400441848451699,7.359785323751859,14.04160127127102,3.1384095364646667,0.13678589588569567
Country_012,2014,10.562849541846061,0.508292169082008,11.989922172550955,8.31620386952776,11.859550560219088,2.736130422172519,0.06245358769213892
Country_012,2015,10.582606923823864,0.661968344358435,12.007841566990392,8.31620386952776,15.721171490567647,3.30725372268092,0.15134175904402236
Country_012,2016,11.134912622716364,0.5063628325458807,12.015323388867163,8.31620386952776,10.678078132968018,3.263696946927708,0.0027628418835369453
Country_012,2017,10.275638604664534,0.7373188586129591,11.994778847419681,8.31620386952776,15.606305706665808,3.3758138875070283,0.14891418186392633
Country_012,2018,10.875856288532615,0.4911022904146478,12.125745864738894,8.31620386952776,11.967910543565253,2.918968015527108,0.010278221397731524
Country_012,2019,11.516496309199344,0.6019624891304198,12.119938363021781,8.31620386952776,11.542502756673045,3.197794549350641,0.030300830513414256
Country_012,2020,10.721667736930844,0.615625750879621,12.211180568657781,8.31620386952776,12.39310955302315,3.4735530048341774,0.07654052072576689
Country_012,2021,10.888675746862374,0.8217203095538689,12.172945873903867,8.31620386952776,13.630960750130702,3.5946341901182914,0.04112392020983527
Country_012,2022,10.835613308635216,0.8221031342559016,12.313776580621058,8.31620386952776,10.274322879120682,3.063635934973354,0.10702542207789324
Country_012,2023,10.695725859104806,0.6863866472922331,12.207822333585302,8.31620386952776,9.936430782278986,3.248776821383301,0.02128489327675974
Country_013,2014,10.4660762588875,0.46547616635951927,10.928847123445484,7.982657556306609,13.003291918522418,2.966855389370677,0.16903543681126829
Country_013,2015,10.80802817788366,0.6040234167632124,10.878848913322159,7.982657556306609,15.849638984333208,3.283420582876727,0.057508140207395295
Country_013,2016,10.911768635720183,0.5061458627210527,10.879435099592216,7.982657556306609,12.938006089996364,3.2110753633613816,0.03447805128584595
Country_013,2017,10.513079912565265,0.6688061854161377,11.012347311204273,7.982657556306609,12.358507412501048,3.2187237179070434,0.020333653379246905
Country_013,2018,11.115394359668413,0.657881980452511,10.981468249847346,7.982657556306609,9.968511770005536,3.0319779842833325,0.1679459849033139
Country_013,2019,12.098687878131628,0.7666244239606932,10.970682664280561,7.982657556306609,11.724596880128031,3.3586998205578684,0.0640331825255919
Country_013,2020,10.58997946310371,0.6318065551036942,11.022474737430079,7.982657556306609,10.403405510923093,3.4768201673118355,0.05479459871341229
Country_013,2021,10.617222742977082,0.7953620742146306,11.035441533852973,7.982657556306609,11.947575903277796,2.653838234247983,0.07179904612704599
Country_013,2022,11.15475640986513,0.7634048457677192,11.06685012667887,7.982657556306609,13.088321754138144,3.0721207464671885,0.16871291483522868
Country_013,2023,11.40460618901146,0.8351745187282726,11.150854840339395,7.982657556306609,12.717407161165816,3.531123518628076,0.1451269480496746
Country_014,2014,8.581572089168175,0.44758153158792213,12.323051335220386,8.533337344794576,16.297419775179286,2.9259353262805408,0.10885270425285933
Country_014,2015,8.774855736628453,0.6696402533873226,12.302377051112154,8.533337344794576,13.713322375345278,3.0048572704861334,0.02706618741694841
Country_014,2016,9.133917339856644,0.6295440581050005,12.323498339069506,8.533337344794576,14.092873096312298,3.25066085381553,0.06211976054221371
Country_014,2017,8.761351564189214,0.6883083707506084,12.32855447392086,8.533337344794576,13.938300655327877,3.2576044709593686,0.03346848719912889
Country_014,2018,9.297399899755016,0.5107529183972038,12.404338211154336,8.533337344794576,13.373218246312716,3.235109165978102,0.005619812023288664
Country_014,2019,9.914301788409787,0.5202051804406315,12.457624973161499,8.533337344794576,10.44696940117788,2.888008219803859,0.07759969523798678
Country_014,2020,8.49941892583308,0.7474789587787067,12.40599729330493,8.533337344794576,12.754423750129043,3.2737923186002007,0.11771591380670854
Country_014,2021,8.771743199938355,0.6220879998844998,12.43618340933385,8.533337344794576,15.26231413888118,3.104026124351837,0.12670533605098466
Country_014,2022,9.673102919676852,0.5847143136847529,12.442881744811974,8.533337344794576,12.416712894598707,3.6243706378853697,0.025534867893899173
Country_014,2023,9.785789013026985,0.7059181950778368,12.556453444566444,8.533337344794576,10.301648272441234,3.2045480438158287,0.025640138405350503
Country_015,2014,8.206270122850293,0.463931411207525,10.852947371091222,7.977206991822251,15.704110793028594,3.0148412427600313,0.03677592433377611
Country_015,2015,8.00177192505039,0.7104580283744166,10.89090161506441,7.977206991822251,16.734591663176253,3.103933871479414,0.11990218437394382
Country_015,2016,8.926994136062193,0.6683071972828997,10.953497537995649,7.977206991822251,14.89541712003463,2.9111262444913897,0.002645353067998857
Country_015,2017,8.049621817857906,0.698961187292853,10.964835232469111,7.977206991822251,14.918007515177024,2.943856499439695,0.010699499929307073
Country_015,2018,8.341178934356341,0.5401574180101011,10.951189558881074,7.977206991822251,16.60188086582163,3.0518335184064598,0.06977643458599606
Country_015,2019,9.30191669099748,0.5931085876770721,11.057041351433474,7.977206991822251,11.194752041395219,3.1946202320407244,0.006016417784535829
Country_015,2020,8.352059107483125,0.7000061644357911,11.022393858021584,7.977206991822251,7.152241346742087,3.504704304493132,0.15735900035224817
Country_015,2021,8.618822909687683,0.6126135047587583,11.026660366827578,7.977206991822251,11.404577287716041,3.8304052563670914,0.09697786518861906
Country_015,2022,8.807238823021676,0.6579383924731976,11.093960965292556,7.977206991822251,11.053771677989062,3.2247362664051638,0.03453983128669461
Country_015,2023,9.102176767644018,0.7502622544784675,11.084928173489292,7.977206991822251,9.93779941422809,3.647776547461804,0.017866509940627776
Country_016,2014,10.480361266911212,0.612718155835275,11.889932042865162,8.699677718293001,13.706126444588852,3.0786526302767356,0.12944926980773808
Country_016,2015,9.869270145547727,0.4440344539154026,11.96942816013512,8.699677718293001,13.429529576878863,3.0729066732430925,0.1359918087732415
Country_016,2016,10.78487866694823,0.597920798280834,12.050713568000416,8.699677718293001,12.621624363820864,3.026095676635554,0.004980002505521206
Country_016,2017,9.724097940921983,0.7215350699776606,11.94437962418843,8.699677718293001,12.532228331891357,2.9436847506259682,0.1247370478075478
Country_016,2018,10.162251798421696,0.6466090652812894,12.005732794756103,8.699677718293001,17.284540717223727,3.013357318470881,0.4486904985638164
Country_016,2019,10.999275194261658,0.5598627352787435,12.038850698277564,8.699677718293001,12.740062653436523,3.149548856761175,0.002490569321889558
Country_016,2020,10.784163390544357,0.7804817516225142,12.054081697497985,8.699677718293001,8.662831852244821,3.486575816865724,0.04433948635259311
Country_016,2021,11.056501553759642,0.8362948691208174,12.035662241219036,8.699677718293001,8.57125023958036,3.0376386277209058,0.10335372539910964
Country_016,2022,10.671162428730849,0.8302105592033776,12.180884566040717,8.699677718293001,10.922983060998586,3.073409543891603,0.07178776975527275
Country_016,2023,10.431868511491206,0.7999339067245843,12.230777541855447,8.699677718293001,13.260182708294902,3.530325101098295,0.1917802565031396
Country_017,2014,8.306200226698952,0.4741693223209531,9.49128724454335,7.72484742307729,17.34545803851873,2.9686539203554947,0.05785838952808945
Country_017,2015,7.911755527589025,0.4690571617755069,9.580003233111528,7.72484742307729,11.0205724424438,3.124856011115461,0.023886870433920494
Country_017,2016,8.453482263189514,0.6720419377059802,9.487830874306878,7.72484742307729,16.32165357475704,2.788820269902021,0.006107017804474966
Country_017,2017,8.225216547301565,0.5611009529293859,9.586406042645935,7.72484742307729,10.93401555162286,3.098149911483955,0.022877538958068083
Country_017,2018,8.782440461680215,0.530112572370285,9.687602937624638,7.72484742307729,14.700443484226986,3.369415801997007,0.051492333570823424
Country_017,2019,9.26156220942854,0.6756063093190257,9.661661720704501,7.72484742307729,13.36008329438214,3.18933830761281,0.009495441711222767
Country_017,2020,7.88584389518738,0.6793508584003096,9.668984885122219,7.72484742307729,11.925555526980316,3.27381680544605,0.2172966923100796
Country_017,2021,8.494281098125402,0.5524718577151176,9.706496707608729,7.72484742307729,7.503598630935785,3.3778685187242528,0.16194676535812086
Country_017,2022,9.131512444694721,0.7066539740770761,9.782465453585905,7.72484742307729,5.207489243612621,3.2257732471924965,0.0024345584735977017
Country_017,2023,8.557112189329251,0.6405560356368846,9.817974088929798,7.72484742307729,8.420188145748938,3.5053138305189857,0.04692302718057389
Country_018,2014,11.533459913342135,0.6833842658422069,10.869652696304023,7.904658799618327,15.99136377594521,2.993822472885684,0.07695478844407531
Country_018,2015,10.269224986697488,0.4291161179090511,10.866204262105333,7.904658799618327,16.601308792015224,3.089513198034476,0.09028780351035913
Country_018,2016,11.30081003917879,0.5581593216962475,10.918085820871045,7.904658799618327,11.713990174539033,2.9456743355166246,0.08579938547726852
Country_018,2017,10.951659545458003,0.7212260351011778,10.912942392439936,7.904658799618327,14.15752482060696,3.2181200038199718,0.10729014286821269
Country_018,2018,11.176589366835994,0.5781099484689717,10.933941478005051,7.904658799618327,14.928174336576715,3.4093840255300027,0.11493466950564096
Country_018,2019,11.550023356822328,0.7453502648525064,10.961271134601587,7.904658799618327,15.25141362662324,3.2740999917578604,0.00046202444130030837
Country_018,2020,11.235985816633725,0.6388518074827766,10.951335555424825,7.904658799618327,9.119898234811412,3.12296730020003,0.04763716684511428
Country_018,2021,10.870955206954472,0.6081808881789454,11.004201222385111,7.904658799618327,8.853820413185003,3.383938758470404,0.08826091800568552
Country_018,2022,11.416656914457548,0.673935734053769,11.031741792510699,7.904658799618327,15.504871610688618,3.4118284244544843,0.052188351321219954
Country_018,2023,11.70222139583423,0.7540517107681998,11.026670686431405,7.904658799618327,7.209202506086216,3.9157238016843134,0.1158138503029505
Country_019,2014,10.01717434081715,0.4730446889728898,11.8180697676598,8.297377170832643,15.562382847938752,2.962220662443105,0.008555236911354949
Country_019,2015,9.288057052395635,0.505461870588577,11.725475497460693,8.297377170832643,14.3033207464105,3.244180146386862,0.06197657105106084
Country_019,2016,10.174313538449423,0.6548452022669581,11.886039168470578,8.297377170832643,10.858998792753646,2.9793352869556577,0.010398316761712044
Country_019,2017,9.757563531533904,0.5144315043086881,11.897625943121689,8.297377170832643,11.56331109027273,3.5193253001660945,0.009042470681637634
Country_019,2018,10.425000817569714,0.7688780625712739,11.820473651493877,8.297377170832643,13.880949475920797,3.4794829406120744,0.0639208999994889
Country_019,2019,11.149732829857607,0.7854210026619971,11.936384563302857,8.297377170832643,11.641188917749494,3.4912306791341186,0.17247572241232267
Country_019,2020,9.940748345662323,0.7032942966552975,11.925023753780124,8.297377170832643,10.674198164898105,3.5298839456527427,0.18422530829702846
Country_019,2021,10.233978268860293,0.7741576545731585,11.9279301764009,8.297377170832643,10.114189604408185,3.5105803236291373,0.04409546406043281
Country_019,2022,10.358458686571058,0.747157797402972,11.986448806958268,8.297377170832643,11.557988324447605,3.8445391258270147,0.014715193193852633
Country_019,2023,10.746834378777567,0.6450219400272328,12.081812182217066,8.297377170832643,11.327598194902997,3.694916887525229,0.06329563307068525
Country_020,2014,6.733685817442155,0.6963356560644662,8.440881428213821,7.721254107496083,20.159418675308636,3.0829083628759575,0.04144396806483196
Country_020,2015,6.544448680500264,0.6277308453973109,8.559180571335204,7.721254107496083,13.392823516584011,3.110537069799197,0.06909338003743844
Country_020,2016,6.840280639970434,0.46569747487892915,8.48633914358201,7.721254107496083,13.592839279795276,2.879844143432663,0.03507993878483366
Country_020,2017,6.510532113641028,0.4802837690776645,8.536999704044344,7.721254107496083,11.960053537882716,3.0256363398987216,0.06212437529188757
Country_020,2018,6.737694588776441,0.6398873359654006,8.581839542242106,7.721254107496083,14.667057923217849,2.965479348627737,0.0885687320455789
Country_020,2019,7.467010194287921,0.6395616836851155,8.67892414997327,7.721254107496083,13.33803801873209,3.269286743758698,0.2528962741836268
Country_020,2020,6.834276790361575,0.580280106597717,8.652233330253702,7.721254107496083,10.158652813841268,3.1170081864434604,0.04788093262767046
Country_020,2021,6.706194162989161,0.7394735173461654,8.618519033501897,7.721254107496083,13.972186350420875,3.24321817973664,0.013229227625792223
Country_020,2022,7.419971046292239,0.7162873931816127,8.745950415630343,7.721254107496083,11.28343382727981,3.250164151874174,0.11260811481245911
Country_020,2023,7.179541788145904,0.8146084263011159,8.721972575870497,7.721254107496083,10.195060327238913,3.2358811323528798,0.035720020961561356
Country_021,2014,13.387120606671202,0.5801783000081853,11.20681866006012,7.081897313448351,10.694218814095034,3.1672647445991102,0.05496740103366316
Country_021,2015,12.904785376458522,0.534186988042974,11.296078458296192,7.081897313448351,14.302220693617715,3.163688201251231,0.02907054956734294
Country_021,2016,13.494854805958989,0.4920573544959526,11.313239002534045,7.081897313448351,12.48850968101431,2.8926848167287407,0.29708722417016664
Country_021,2017,12.669384381860395,0.49975740182255457,11.406281768660394,7.081897313448351,14.449396465759905,3.6429755271715365,0.11578885874654703
Country_021,2018,13.284491582727782,0.5995989083316939,11.382504621360983,7.081897313448351,10.37632753529968,3.12565741934142,0.005648589016328817
Country_021,2019,13.898889890423328,0.789746648345966,11.41481948661367,7.081897313448351,13.559385508713461,2.8895182185011565,0.05644055798218398
Country_021,2020,12.892028410337844,0.7122478944070618,11.395020220677877,7.081897313448351,11.71182488855677,3.4080225423366253,0.08403174714596957
Country_021,2021,12.962122896839723,0.5574491386516428,11.461314846822305,7.081897313448351,14.481452273699905,3.2372701945147315,0.010352672481920748
Country_021,2022,13.253609150451375,0.7676484025082396,11.471316857191768,7.081897313448351,10.395060627023744,3.4031373427591203,0.4570303909439948
Country_021,2023,14.043173779061307,0.6718760862359836,11.553833898856132,7.081897313448351,12.881292549572683,3.549905397019082,0.04442169290533566
Country_022,2014,10.565342210048776,0.6482613686700622,10.104346245858007,7.316560650792289,11.39603912483996,3.1757287019452085,0.000887404801722709
Country_022,2015,9.491138530474585,0.425757683046917,10.164026377124639,7.316560650792289,9.31791541571018,3.222620045234126,0.011797417386711142
Country_022,2016,10.032870208881926,0.44363623239316796,10.148906318722268,7.316560650792289,14.36671983955831,2.9011787533915614,0.06351867816013555
Country_022,2017,9.470032313138566,0.4894247742352734,10.3126804722442,7.316560650792289,13.18294085394606,2.9113880090179527,0.03140500760109636
Country_022,2018,9.458515547967467,0.5927664855437308,10.274204594164802,7.316560650792289,16.423416960284687,3.025035923984776,0.12297553615155712
Country_022,2019,10.594127111849991,0.7064404118259626,10.27939826022798,7.316560650792289,14.579809374792152,2.9301727027105975,0.14704349809524628
Country_022,2020,10.46031592996793,0.7178061766617349,10.450717307824249,7.316560650792289,10.788570153993323,3.355308733378533,0.07613966912886977
Country_022,2021,10.589012464470343,0.5850507002451125,10.374452104614264,7.316560650792289,9.993164259307633,3.3677293394796024,0.09121170773372066
Country_022,2022,10.636895423230554,0.5813770183295777,10.384585819595369,7.316560650792289,11.369360611729817,3.2395014533576703,0.028139038498407903
Country_022,2023,10.53935731109353,0.7784111833211244,10.492872592558195,7.316560650792289,9.186211442057209,3.3597180684798724,0.00828635929554716
Country_023,2014,10.740058266342238,0.5873990706562792,11.628232350287892,8.592852077331498,13.486409822861079,2.749482197526901,0.010352807124568094
Country_023,2015,10.20772088140124,0.6131712760623392,11.674839673090052,8.592852077331498,15.61246001880132,2.9333284055545303,0.2765929223802843
Country_023,2016,11.738354122863347,0.7339910988076552,11.606254054478594,8.592852077331498,15.855680256162474,3.3911237380162236,0.11028933025640117
Country_023,2017,10.170739482337385,0.49842872390986004,11.695344769950081,8.592852077331498,15.645014674619604,3.2613641681549996,0.020351711029675514
Country_023,2018,11.256956749665953,0.6118214969083356,11.646189506296547,8.592852077331498,9.067286821247997,3.3158885145734525,0.022027897941934917
Country_023,2019,11.88614328312958,0.7660774700627808,11.717367284818312,8.592852077331498,11.946373400222159,2.9818893639992345,0.13540249502197763
Country_023,2020,10.865033286021138,0.7465125786238835,11.750073880308278,8.592852077331498,12.5651599009766,3.5427462875451683,0.10430070415478054
Country_023,2021,10.688221329191176,0.593228630840912,11.821574029430971,8.592852077331498,13.84694771497065,3.415254934169337,0.2216639510405946
Country_023,2022,11.045495154346355,0.8053355989570836,11.838414363585231,8.592852077331498,9.697286212416342,3.406095770053133,0.1469588056382243
Country_023,2023,10.988726668745826,0.757104307137632,11.863871616627549,8.592852077331498,13.904429889270476,3.070164722416907,0.06659678459745244
Country_024,2014,8.540335666067945,0.4480214904863719,11.136225215028304,8.376670810552266,16.346362702539917,2.9499063922016178,0.02266109338862935
Country_024,2015,8.076605127107358,0.6600212906097479,11.091286414459864,8.376670810552266,12.7989590915814,3.102132566630081,0.10566189460545085
Country_024,2016,9.325907868643805,0.5466153706057219,11.071943424222408,8.376670810552266,14.88920533644028,3.1555966129485418,0.0004194668667395981
Country_024,2017,8.062621913265888,0.7474220440358141,11.122492661670053,8.376670810552266,14.796560867687718,2.860028686903819,0.012896928666809512
Country_024,2018,8.63838844691648,0.7789003012881742,11.227856645215553,8.376670810552266,12.254333695816467,3.036562906678201,0.10243114969959277
Country_024,2019,9.42005533345734,0.6174577094533488,11.23297181361176,8.376670810552266,14.36518166374618,3.5862184629860976,0.00025787626817877
Country_024,2020,8.459929609950203,0.7582591993831252,11.175454761595661,8.376670810552266,14.525168206854364,3.336223302042212,0.05246393295148891
Country_024,2021,9.495424910610899,0.7139951362284394,11.253525197391298,8.376670810552266,11.869102606394074,3.722263119447279,0.07400385061659294
Country_024,2022,9.469079679635495,0.6409462160384644,11.36294070361474,8.376670810552266,12.185053898402366,3.398591440215053,0.0064151349970695305
Country_024,2023,9.499637389297732,0.8154690931334403,11.333228346197918,8.376670810552266,9.59354390134545,3.6395651605674435,0.05826366665721505
Country_025,2014,9.214869916993985,0.4265801289038852,10.173669695050283,7.429155442933247,11.26692676585388,3.0960119160173365,0.10644247255277607
Country_025,2015,9.1187985684929,0.6108532094124699,10.188301469863962,7.429155442933247,18.208185132668376,2.980077562644439,0.04219772409357831
Country_025,2016,9.928851487859678,0.6115616813681559,10.25090047227687,7.429155442933247,16.17749723940837,2.849330361375623,0.035982887563914434
Country_025,2017,9.247746294782015,0.5496176720766319,10.306555123425982,7.429155442933247,9.963121268874296,3.356592789430561,0.14757918967857028
Country_025,2018,9.919074464940744,0.6174560660213678,10.355190816408907,7.429155442933247,11.934598320676177,2.9777173975731133,0.00672285136586587
Country_025,2019,10.617623659987068,0.6310552107845538,10.358135065827891,7.429155442933247,16.044503193339487,3.4300353973824933,0.013844354460831959
Country_025,2020,9.769171236225924,0.7454125258087136,10.339591539121008,7.429155442933247,12.603583799638931,3.3706965811897334,0.005716072600682583
Country_025,2021,9.758508894155263,0.6185117051207718,10.414503107256426,7.429155442933247,11.092652499646068,3.4210044908843034,0.022966175085088532
Country_025,2022,10.22516885544518,0.694921952735162,10.495190042392085,7.429155442933247,9.39364209863931,3.294784393557608,0.005176156120850554
Country_025,2023,9.846206557929769,0.6842029978776529,10.358298798066775,7.429155442933247,12.268090792722099,3.499415475561261,0.06570902882246817
Country_026,2014,10.446720231470254,0.4594292898279221,9.746134217961648,7.218727071556729,12.491421153661502,2.733368537869269,0.2860592904726492
Country_026,2015,9.230932725539866,0.45422873546638004,9.655664393185281,7.218727071556729,16.829478708914344,2.964648576623529,0.023117742844909587
Country_026,2016,10.391271401923106,0.5970172734123099,9.776449443842104,7.218727071556729,16.29727469885743,3.0408917519706904,0.09843495204819634
Country_026,2017,9.426624581350255,0.5974901924585969,9.75504147294812,7.218727071556729,13.672287766092749,2.896731898874859,0.23305575419195967
Country_026,2018,10.20906547315063,0.6186886683001822,9.84824897418844,7.218727071556729,14.80786968217239,3.5539724841353935,0.0630725979443034
Country_026,2019,11.067396520111394,0.7419210851698519,9.857460669364327,7.218727071556729,11.04399411754173,3.1205518724023906,0.12344640854489897
Country_026,2020,9.909630175433486,0.5694119060296888,9.85412277502433,7.218727071556729,10.401615986699493,3.532386762691219,0.05861524268192343
Country_026,2021,10.652138839695994,0.8038745564854588,9.93257494763636,7.218727071556729,10.995292995747425,3.277905319159081,0.048007431714583444
Country_026,2022,10.605802675918637,0.7216105393858143,9.990576472837915,7.218727071556729,10.844325605974396,3.2053106517201044,0.08555071545047699
Country_026,2023,10.422616264443652,0.8126835552775983,9.955103104170279,7.218727071556729,12.79689141839351,3.083846310321027,0.12594667545739793
Country_027,2014,9.503599628703835,0.674527020522113,12.097706003789035,8.936648888108772,17.562032723470224,2.7561770777361567,0.09523166275971104
Country_027,2015,9.043545084913104,0.6771537770996259,12.1178946069561,8.936648888108772,16.559921635162322,2.996890632396315,0.3284557697825391
Country_027,2016,10.030754308105402,0.49526745177140785,12.163333331966646,8.936648888108772,13.192703073516007,3.1595964472754905,0.013199810100024302
Country_027,2017,9.220992158071896,0.485039225496815,12.313198344534129,8.936648888108772,11.364934171491454,3.188304192773193,0.05628922624654689
Country_027,2018,10.47824374751463,0.7752330957109494,12.236090029009686,8.936648888108772,13.904743592499468,3.429746696585888,0.014517423656530781
Country_027,2019,10.114077010364083,0.5486700217347438,12.260714885321745,8.936648888108772,14.471459991359726,3.2565448983081415,0.05996040917268025
Country_027,2020,9.381415528094694,0.5438219753929089,12.32905375723265,8.936648888108772,12.651592633164332,3.1389256345899312,0.15625406820548468
Country_027,2021,9.183865932354156,0.7530728395869934,12.338495147385453,8.936648888108772,14.13519507121592,3.2892676952252007,0.13791471247671702
Country_027,2022,10.261195015885802,0.70826373417509,12.253979353621542,8.936648888108772,9.784356025811135,3.3003275215615107,0.015269753515303647
Country_027,2023,9.66684891463208,0.6101912435570601,12.4321030998972,8.936648888108772,11.593467136402758,3.3369430447201838,0.034209668924484495
Country_028,2014,9.626831137324784,0.5057124839828964,10.077377222224264,8.80768784473472,18.042632103844902,2.9793953597205567,0.30945939332759126
Country_028,2015,9.098823454739549,0.6228532686226302,10.001334203146483,8.80768784473472,15.148718563443206,3.288934828865604,0.005774792405563546
Country_028,2016,10.083889903936404,0.5081538671070545,10.090683689760297,8.80768784473472,13.482190052591845,2.998160951902907,0.08237510142001879
Country_028,2017,8.656391172838996,0.5515932030090194,10.11283827516031,8.80768784473472,17.377857998116568,3.3557365221392783,0.22284395567274992
Country_028,2018,10.082751977964952,0.7165342029759896,10.154050801146667,8.80768784473472,13.978374260295327,2.957582021612347,0.19018040737560726
Country_028,2019,9.479352448878844,0.5332968407640444,10.200147981243127,8.80768784473472,16.299763869790432,2.9090242891735354,0.15994025534855713
Country_028,2020,9.513589312425234,0.8130400985531978,10.087885818882288,8.80768784473472,13.694843354300843,3.262493175989025,0.003434660664550513
Country_028,2021,9.848480308814919,0.6240111988651469,10.243118312711442,8.80768784473472,11.880999359558134,3.262955553439874,0.19332318276911767
Country_028,2022,9.918176087239495,0.5654019666801364,10.293459820227365,8.80768784473472,12.230734968026107,3.577732550710192,0.026449526208585532
Country_028,2023,9.574706722491829,0.6089603410586323,10.304883661853056,8.80768784473472,14.176367353590244,3.072959989595777,0.07297542803324576
Country_029,2014,8.411011309004762,0.6676907494418957,8.945810997229888,7.473158790426823,18.42122674516385,3.1468609351122994,0.0028228434796261203
Country_029,2015,8.066343811920301,0.4390922727859927,8.931798225786867,7.473158790426823,16.82375660521638,3.1195060752316146,0.009767354184225384
Country_029,2016,9.664263098635823,0.7036936700846802,9.007055499120332,7.473158790426823,15.002188339879691,3.2306566346499075,0.045029523367565945
Country_029,2017,8.387214222067314,0.6921638967190469,8.955591833474838,7.473158790426823,9.838734206287086,3.327160627520344,0.04686980191375552
Country_029,2018,8.839024783558719,0.6575091486918977,9.09890953053064,7.473158790426823,15.629828907168095,2.9971162245664003,0.05745484775219312
Country_029,2019,9.388900891886022,0.6463001205863793,9.035992493224713,7.473158790426823,10.813506809367617,3.33484685194238,0.07343357794664802
Country_029,2020,8.308623854865163,0.7102312094128994,9.080475739949831,7.473158790426823,15.390102080861507,3.2788939895995384,0.03593494085675924
Country_029,2021,7.963408268655731,0.5820072292659954,9.077707163085947,7.473158790426823,11.425926405903176,3.3059610745984087,0.01746220403565144
Country_029,2022,8.714630011998628,0.6220977735315281,9.063059598929659,7.473158790426823,12.520111927379205,3.359012992437351,0.0006154841816320241
Country_029,2023,9.757813960636408,0.8207757038739439,9.152835163778716,7.473158790426823,8.995687188818835,3.5460292272444742,0.027793300562931795
Country_030,2014,9.989998259582903,0.43415151804298047,11.517669946087581,7.9199336022166795,13.496061336522361,3.0207088277278786,0.16585928018391333
Country_030,2015,10.404867552399805,0.7178450516997211,11.632069648963347,7.9199336022166795,14.378678372370759,2.97017762955945,0.040146109186917994
Country_030,2016,11.75452980198708,0.7122833007669664,11.476853130862901,7.9199336022166795,10.831728113989021,3.2544043124006845,0.02961239918635191
Country_030,2017,10.014273060898994,0.5372821661001166,11.572857062091526,7.9199336022166795,13.793586023971098,3.178973532931511,0.09281942123558083
Country_030,2018,10.923228784353405,0.6168709526866627,11.613583582280405,7.9199336022166795,11.217615549169425,3.022370420854525,0.043433173134710464
Country_030,2019,11.36061550128104,0.524054004224571,11.650447266321082,7.9199336022166795,12.653703765917536,3.352384818205855,0.08834773110727341
Country_030,2020,10.71767525471661,0.6980982373625615,11.632490160803554,7.9199336022166795,14.82186475949254,3.341344809448999,0.16552672905900348
Country_030,2021,10.90845278983087,0.8107359921857525,11.686388245943677,7.9199336022166795,12.223007050412203,3.3616702008570956,0.012264880816601249
Country_030,2022,11.266181612539585,0.6485122122962469,11.745348615143476,7.9199336022166795,10.58376628545492,3.9356219747276784,0.0035779573004730046
Country_030,2023,11.46986989701022,0.6829502059517976,11.785002934275568,7.9199336022166795,8.444649718148083,3.621092001736529,0.14945895195978945
Country_031,2014,11.975298475619544,0.49189404963346384,13.103284497326444,7.676886345078098,16.838308347220003,2.9468460827012035,0.12810977842154772
Country_031,2015,11.338507209947675,0.6949905707523623,13.20740102037826,7.676886345078098,15.020643677542441,2.686138414267055,0.06981995438800667
Country_031,2016,12.876896174584033,0.6516757587931474,13.288183351058176,7.676886345078098,10.675016023928652,2.902642790852091,0.01460430606438531
Country_031,2017,11.520827386661988,0.7270291105551425,13.197681105489972,7.676886345078098,13.07015793942253,2.9571191490776614,0.002062172351734133
Country_031,2018,11.912443268189634,0.5821812499743876,13.348481776220249,7.676886345078098,15.791367621579912,3.1698788161126314,0.029826378042262666
Country_031,2019,12.68288982913063,0.609378118459262,13.361208920569142,7.676886345078098,15.731165647096464,3.628277569910068,0.012117286567574603
Country_031,2020,12.034698217178754,0.6716365353731351,13.319274371560722,7.676886345078098,11.971095458243441,3.279574311993,0.003182137661982651
Country_031,2021,11.69599386398855,0.5880074809389583,13.368548190954002,7.676886345078098,10.759977940235744,2.9892437156443643,0.18427338154572348
Country_031,2022,12.06279607473476,0.7408828629438385,13.437814059139805,7.676886345078098,10.33236102048798,3.092066696145336,0.03328817101043837
Country_031,2023,12.397674285018491,0.7461134456074034,13.373270088594316,7.676886345078098,10.785886189527414,3.7645629281834365,0.14349288381667627
Country_032,2014,11.615461503864573,0.4172942746597075,9.646600112803556,7.099471132923631,13.758304803497769,2.747709033268978,0.2714997425943729
Country_032,2015,11.429022770483826,0.5941402802981088,9.617024309880177,7.099471132923631,15.995820512235067,3.0156274027073415,0.0787300964625609
Country_032,2016,12.992904401757949,0.7381545166699095,9.61947492426165,7.099471132923631,13.427991556239778,3.158372352400003,0.06740184963049095
Country_032,2017,11.594993465837932,0.5785413229792956,9.714511820676346,7.099471132923631,14.493398446473044,3.1439711460958297,0.06265005470023796
Country_032,2018,12.544945991540533,0.6400159886296088,9.818676283473694,7.099471132923631,13.935386343530867,3.1276473862326375,0.12647218137393348
Country_032,2019,12.875971852676829,0.7832126281476193,9.86706789489177,7.099471132923631,11.760779327912733,3.225076440761974,0.3170121770514377
Country_032,2020,12.086586705850399,0.696619456639396,9.922291812937575,7.099471132923631,11.897212552823028,3.010388725591862,0.01817444423267091
Country_032,2021,12.40586554474179,0.6933826386602253,9.866206235696794,7.099471132923631,14.248876186341635,3.8931893144625764,0.16054118543305176
Country_032,2022,13.149641637703073,0.8082556766318909,9.923244600368154,7.099471132923631,11.571108149715315,3.482939705746177,0.2499710132158348
Country_032,2023,12.785631978575763,0.8361885900866267,9.9461223793836,7.099471132923631,10.197453432692976,3.6831612038416774,0.17886158714296937
Country_033,2014,6.037201119651223,0.4057348283289292,6.122212086830068,8.296778361140431,15.38947238943755,3.391412728108328,0.10261443340360836
Country_033,2015,5.591990574071937,0.5098186765115044,6.0807731646124,8.296778361140431,15.31410457424907,3.2790778377094703,0.02614265193413056
Country_033,2016,6.718611440010599,0.5283858189038579,6.1970733002723835,8.296778361140431,15.026170840194586,3.2030085346552375,0.012331414536817735
Country_033,2017,5.985230986679876,0.6575621547010164,6.219437524264964,8.296778361140431,15.008582659627148,3.266900643223862,0.07607142594503444
Country_033,2018,5.901731663816055,0.5032948004014816,6.208090985041127,8.296778361140431,11.236250697544564,2.871946672154937,0.0054631504458840605
Country_033,2019,7.365783565723853,0.7424705630027666,6.199796051953582,8.296778361140431,11.88407694072192,3.256038157442031,0.028484374102288164
Country_033,2020,6.443261842845734,0.7583546633472247,6.26947732177169,8.296778361140431,10.365822737863619,3.264157905074922,0.006055665924660198
Country_033,2021,6.080642280510475,0.6097152969168144,6.2190390547851315,8.296778361140431,9.97455044286757,3.5245838373541574,0.21186340756347424
Country_033,2022,6.527258188096241,0.6564487103743646,6.370890790100168,8.296778361140431,10.612347722454393,3.0918413915138263,0.08183795695772357
Country_033,2023,6.472687007008391,0.6873442252340647,6.362413679516897,8.296778361140431,11.054753875916383,3.2790654110057167,0.1756126748533045
Country_034,2014,9.97285725663911,0.4215327418679539,10.865799876206085,6.490243922089587,17.477892705878876,2.778929336489442,0.10012782890156269
Country_034,2015,9.563112090227317,0.5857502902223668,10.829592205598352,6.490243922089587,15.510940318333255,2.8188749036662273,0.11945556061099426
Country_034,2016,10.337693120175565,0.525282227878255,10.834495601520944,6.490243922089587,10.461848190221763,3.1670477374139896,0.00446910077807331
Country_034,2017,9.357890029378968,0.4600404079013456,10.824653320511432,6.490243922089587,15.742061334648943,3.0247619935556864,0.02585584879278238
Country_034,2018,10.776788713617124,0.7318015477068007,10.879379581304896,6.490243922089587,13.310381367717959,3.028310011925063,0.00859723061950348
Country_034,2019,10.934594773184877,0.7528135706481665,10.858480770956882,6.490243922089587,10.861484280557004,3.4554843070677546,0.17795527261632227
Country_034,2020,10.608071868413388,0.6331954161889579,10.99831921523894,6.490243922089587,11.725256423201207,3.286890478643799,0.03923594510100105
Country_034,2021,9.909834355562152,0.5413089808950927,11.05691172393554,6.490243922089587,13.352430804483184,3.454448736249602,0.08782151081339779
Country_034,2022,10.442477690980514,0.649415662591833,11.020207196678614,6.490243922089587,11.394631414811192,3.440660588713815,0.082659503796162
Country_034,2023,10.565521661583851,0.8670399446452859,11.038802003346492,6.490243922089587,9.599621470297176,2.8834960858447585,0.04895481576399991
Country_035,2014,9.791961088819985,0.6302702885553755,8.643524351246398,7.724731575254208,14.704439362365058,3.2470243643897057,0.1519554150191086
Country_035,2015,9.489578340675743,0.5616845412488946,8.730041718330932,7.724731575254208,12.222333764438462,2.995396047854796,0.09060990227067559
Country_035,2016,10.150399220688053,0.4809802710953518,8.65124342282796,7.724731575254208,15.635779316050057,3.354918375058703,0.03034021525281414
Country_035,2017,9.282795484838386,0.6739620649847853,8.699460766485396,7.724731575254208,16.785345906511928,3.1884585956283793,0.0271078794187695
Country_035,2018,9.723812810406297,0.5134536636963829,8.761725661023053,7.724731575254208,12.674414187855412,2.8512303766734206,0.1443779606197605
Country_035,2019,10.14068764308909,0.647859375334234,8.807501365361762,7.724731575254208,10.511301250782976,3.4057959424088002,0.07233547103708135
Country_035,2020,10.205884095605194,0.8090497722662765,8.847968342142043,7.724731575254208,11.474218341583464,3.7035815927666476,0.02990148637519043
Country_035,2021,10.029166309039752,0.6963888142962418,8.914700426900826,7.724731575254208,12.93637145141587,3.302460975062072,0.02469424514784279
Country_035,2022,9.63964825177086,0.6644286779504864,8.914024175891862,7.724731575254208,14.098040302990375,3.5977338338716005,0.2925732363428144
Country_035,2023,9.928107094558847,0.8141128370712942,8.947598444347284,7.724731575254208,10.987906395817001,2.9953007481769394,0.028867917598585043
Country_036,2014,6.383511114863787,0.4173533348341482,8.026424063047147,7.948372619925476,18.322940331456035,3.107418166612229,0.0062892682759335865
Country_036,2015,5.792122374712173,0.47874992524028104,8.00220854501012,7.948372619925476,13.267277183921045,3.1177629201621473,0.12161234328985279
Country_036,2016,7.330596686661519,0.6833371309800412,8.0396438854219,7.948372619925476,14.49300955686401,2.840374622989074,0.08970061256536545
Country_036,2017,5.908434019437269,0.735245752939597,8.084673907708233,7.948372619925476,10.984844282170767,3.0974042392438643,0.17668470434094005
Country_036,2018,6.477177598061546,0.5241909132836912,8.139224407106006,7.948372619925476,13.30351598449748,2.9821839767704392,0.25348146746521777
Country_036,2019,7.459274243135809,0.6501810713464122,8.104833731912848,7.948372619925476,12.86948115779145,3.144012446107502,0.02569401412680743
Country_036,2020,6.511250508816717,0.6839731426096884,8.206197199180629,7.948372619925476,14.74569694935306,3.1872599649884195,0.014497751794015492
Country_036,2021,6.77488860246718,0.5549937085979036,8.174018925646243,7.948372619925476,10.966695341531171,3.439572349550359,0.02216333781673691
Country_036,2022,6.985618841271309,0.6910987656996863,8.195310565674562,7.948372619925476,11.924345332163886,3.256672025989551,0.07790156827159608
Country_036,2023,6.8293567596883555,0.8071930621403317,8.3265111435784,7.948372619925476,10.538295554831505,3.4330220362995294,0.10136186231370015
Country_037,2014,8.899726689331096,0.5695255937358269,8.512268744352355,8.35987897107409,15.944812555760755,2.9987296886454264,0.0009741564710160266
Country_037,2015,8.169882744216284,0.5165009968978647,8.527570176494768,8.35987897107409,15.709030652710734,3.1439143636696865,0.00802092984293352
Country_037,2016,8.913217003573687,0.5842670439809027,8.598254576391225,8.35987897107409,13.867734770748354,2.9407658590612513,0.027273682586162758
Country_037,2017,7.8489621494073925,0.7579765046268891,8.68730016176825,8.35987897107409,13.137551653563794,2.8811771059273625,0.11228011607962735
Country_037,2018,8.433145125313068,0.7162647257576338,8.586763565625223,8.35987897107409,15.015027379673844,3.281295495447684,0.03552547295013229
Country_037,2019,9.095374920611986,0.5574778837204477,8.649531966729215,8.35987897107409,13.961528238133049,2.9447458006555576,0.003176639497109332
Country_037,2020,9.02721780078609,0.8051377511725888,8.719738747546915,8.35987897107409,13.372636913913402,2.9919504735937843,0.06941696809552826
Country_037,2021,8.555989711038553,0.6247488197918557,8.850951191941686,8.35987897107409,11.708711875046426,3.5058547774788327,0.23418088935553205
Country_037,2022,8.214776881952911,0.7941096509020645,8.790634543654402,8.35987897107409,12.84330022384892,3.3278217161150785,0.018320869337283607
Country_037,2023,8.921888120925912,0.6794694097201582,8.767470890972598,8.35987897107409,11.227263765249935,3.3767536921363477,0.005905354960242102
Country_038,2014,9.046161313592856,0.4996573099346814,10.820259147781417,6.697893071686433,15.808589509923396,3.207409457747986,0.08505590978777765
Country_038,2015,7.795121825864184,0.5475684556313082,10.739492840994414,6.697893071686433,15.139303651837954,3.1880473600760544,0.004494685532519753
Country_038,2016,9.403485753205423,0.509124998635205,10.804059923251602,6.697893071686433,11.82834974222963,3.343474713950326,0.1509341782429628
Country_038,2017,8.657038657435853,0.5575885402069094,10.80213188375521,6.697893071686433,12.14487069532869,3.322719331849318,0.016033690531331187
Country_038,2018,9.033070588381,0.7220080559084218,10.95759174565887,6.697893071686433,12.496922227911009,3.491946375007588,0.08654377763303395
Country_038,2019,9.811196748152724,0.7127962485417829,10.952688127322993,6.697893071686433,10.883468556718148,3.34606093060266,0.07012191737175542
Country_038,2020,9.278734982995806,0.6089679736617792,11.010944724821547,6.697893071686433,8.993839396480364,3.49407867796937,0.008652795683087527
Country_038,2021,9.239650344801952,0.6507842310646623,11.10820559468394,6.697893071686433,17.719837112010723,3.5663884119481697,0.04954953953834207
Country_038,2022,9.56728161649909,0.778694318496745,11.04992575815431,6.697893071686433,11.995486178182789,3.3154732878556885,0.13163460280996792
Country_038,2023,9.625855672030221,0.6806831362809529,11.040507132497439,6.697893071686433,8.29969153405661,3.661641409388782,0.06605620637473048
Country_039,2014,9.870042405940698,0.6358616956783174,11.448527439581802,7.997201990585476,14.225800595051197,2.8575011614383525,0.002041296076351286
Country_039,2015,9.21159991407195,0.6314613030130145,11.457218796054727,7.997201990585476,13.785941598386781,3.0886414845428387,0.27298537891224667
Country_039,2016,9.914061436711814,0.6555361841967651,11.563465641320178,7.997201990585476,12.679357721053107,3.052411290530585,0.1287564257123234
Country_039,2017,8.271609349656392,0.4995145085737281,11.485445337395207,7.997201990585476,15.69430542350739,2.926571734624698,0.16409260829602482
Country_039,2018,10.094691575762544,0.5551403696377497,11.6761093025911,7.997201990585476,14.234011899153394,3.422315731426394,0.1430997019354334
Country_039,2019,9.950942776510532,0.6646575995232068,11.63464862642646,7.997201990585476,12.786776934684502,3.049505613678821,0.034827587974329374
Country_039,2020,9.229433921808589,0.7398097151770842,11.606994524077875,7.997201990585476,14.225376749979851,3.162958760428119,0.12250925188666668
Country_039,2021,9.778311214816155,0.7456331649665705,11.686322410236155,7.997201990585476,8.085284084814106,3.263552432167075,0.03746230342817179
Country_039,2022,10.030025464214994,0.7614437446001621,11.751113394681408,7.997201990585476,12.00356547233509,3.16290752928098,0.04334869164087138
Country_039,2023,9.05100029723246,0.6633558328269138,11.752439225332605,7.997201990585476,11.020561013165771,3.3485848768952993,0.3144505706623725
Country_040,2014,9.970446590378916,0.6213654954503819,9.350736962239607,8.016398497705794,13.151533711463392,2.8714485394102884,0.034035978314545634
Country_040,2015,8.719924802019623,0.48159988161204,9.31743053519539,8.016398497705794,13.199952131186203,2.7005093830609868,0.027113725170697104
Country_040,2016,9.899946791928802,0.6210911601678125,9.432620364419844,8.016398497705794,14.138688674072501,3.0833231449451413,0.007726774105664541
Country_040,2017,9.3717340412375,0.6545514460356064,9.535929602464822,8.016398497705794,16.180922103580695,3.3879822794482335,0.07533020465534558
Country_040,2018,9.820916888144653,0.6593004848108109,9.426129757637675,8.016398497705794,11.164994357971473,3.1570179289699847,0.07085818138117672
Country_040,2019,10.160873452072964,0.6224455072600095,9.564622883280968,8.016398497705794,14.839179984855548,3.258755952542778,0.02334608259028116
Country_040,2020,9.458711681260354,0.6397105952927304,9.570859870035603,8.016398497705794,11.875617966001379,3.222923334494957,0.08929172915703781
Country_040,2021,9.556953772673015,0.5677876449154102,9.571079390406185,8.016398497705794,11.151291484194328,3.4133080653217265,0.04553586045769902
Country_040,2022,10.099352953166514,0.7770343453550004,9.580418786087986,8.016398497705794,7.786845798522641,3.4031615088223677,0.07600676622817167
Country_040,2023,10.03338131443947,0.7942158170134381,9.567643863194615,8.016398497705794,11.879415610490389,3.521836609838416,0.0011072719087141187
Country_041,2014,10.279418615202474,0.41875788872285374,9.41837882575155,7.608117167206801,13.33635558353911,3.341002829441406,0.0746610612555934
Country_041,2015,10.214425413324916,0.7054472130530363,9.465185759457109,7.608117167206801,14.978809001070754,3.131575356475064,0.13852112429237848
Country_041,2016,10.820040024550153,0.5000846053602878,9.527986184921415,7.608117167206801,15.485364836719445,3.3834040825963254,0.10712764258987205
Country_041,2017,10.132626893596136,0.5713338815290384,9.516024116316682,7.608117167206801,13.575875670895204,3.1807663832156514,0.061832731042790905
Country_041,2018,11.202612593464478,0.7486038267459508,9.544889119893861,7.608117167206801,10.23791079369245,3.4213929532605283,0.04846153171370388
Country_041,2019,10.61675948043859,0.7116382490850459,9.547258131539449,7.608117167206801,13.885837246063222,2.926926709744655,0.08383102248425629
Country_041,2020,10.261133961913915,0.6531758363519133,9.616710564730182,7.608117167206801,13.719175773959604,3.1619226747722644,0.05403962828511797
Country_041,2021,10.432780231887337,0.7365521143573015,9.649532280405623,7.608117167206801,14.387264006937627,3.2101523565429746,0.013992341610257515
Country_041,2022,11.129787179124527,0.8042377056773486,9.743707016328196,7.608117167206801,11.68010258913778,3.261128405853324,0.027307721718754376
Country_041,2023,10.869435406726385,0.734501697912917,9.679930895197721,7.608117167206801,8.84917894004209,3.021039459489953,0.03493035590278657
Country_042,2014,10.71061337525808,0.6858445051007518,11.348341387832818,8.240933030859246,14.490088412892604,2.770892356400216,0.05635835646166881
Country_042,2015,10.382707249280287,0.5860113569249316,11.33940721453819,8.240933030859246,12.797187131479372,2.769865201776287,0.15661573895646824
Country_042,2016,11.76994687797805,0.6976292838048417,11.426987271165812,8.240933030859246,14.965375774418426,3.0221196913939603,0.07544091675416398
Country_042,2017,10.61940370473444,0.5137759767217842,11.434578799907522,8.240933030859246,11.647237740036923,2.9425964861224467,0.010004369787693026
Country_042,2018,11.277390772064654,0.6344800049739778,11.489688032034184,8.240933030859246,14.836908887884828,3.143796070545683,0.034990069968087505
Country_042,2019,11.88750518130272,0.6557673712340615,11.460046343545732,8.240933030859246,11.883034423088361,2.9664752131630454,0.0047572570230145226
Country_042,2020,10.888247536690715,0.5858661769689406,11.432016321029238,8.240933030859246,10.870451991658115,3.3225101430016455,0.06511289215447562
Country_042,2021,11.600887697358445,0.7022715011514242,11.451598030455052,8.240933030859246,7.74015122972191,3.5671853392645594,0.015069801298098215
Country_042,2022,12.094823224770403,0.8211580898808153,11.429109809116106,8.240933030859246,11.006751013194322,3.509775768763791,0.00980909254348855
Country_042,2023,11.0592882113747,0.6811619726697257,11.54462596476397,8.240933030859246,11.010767511348634,3.536697943489705,0.018479151350355712
Country_043,2014,9.312427465345621,0.5257814983498066,10.14998104481188,8.429225558328334,12.102817170732912,2.990859953780644,0.06580186567461223
Country_043,2015,8.944918294071611,0.49598171505681454,10.251278007001499,8.429225558328334,16.493717546931617,3.2988996152042116,0.1378033164265157
Country_043,2016,9.999549998504891,0.5400885187510597,10.205413112413002,8.429225558328334,16.447137764837255,3.0522174316031943,0.016212605977234323
Country_043,2017,9.181954710013482,0.5763478269750794,10.198067216843997,8.429225558328334,13.37295085076929,3.0948595614158267,0.06242914551497084
Country_043,2018,9.625115049850093,0.5926406785399502,10.237734130325613,8.429225558328334,13.422567384558945,3.1410441431400513,0.46974827679687464
Country_043,2019,9.644573754316125,0.5660333977714259,10.204241509761786,8.429225558328334,13.739422891932273,2.9991402274128496,0.005695080501011604
Country_043,2020,10.06767511530225,0.7368213256716414,10.297831911836967,8.429225558328334,7.588867885801862,3.5578793726860045,0.0006719082969693431
Country_043,2021,10.21352700538969,0.6851968104539241,10.390645244630855,8.429225558328334,9.224628659150367,3.403706797292962,0.005502002398114232
Country_043,2022,10.185151240248802,0.7945879931473878,10.41093316529464,8.429225558328334,13.911644644293533,3.55022616956117,0.05838623202807022
Country_043,2023,10.116147897343959,0.7661421355155913,10.438557284861853,8.429225558328334,8.777824179652859,3.30587206563361,0.01735057555686695
Country_044,2014,10.428225378792602,0.5791465917970906,11.204641806182938,8.14828777257038,15.62261734688577,3.15682551817294,0.06917308281632284
Country_044,2015,9.970305088667288,0.5621763660348309,11.173150997725,8.14828777257038,15.295854099893617,2.852433863815907,0.018077220338543414
Country_044,2016,10.56260007573721,0.5044737911109187,11.200295541034258,8.14828777257038,12.430476183744593,3.2701295335564504,0.056589367964690565
Country_044,2017,10.125938445773034,0.7065492839756078,11.23938938389403,8.14828777257038,16.538567847283538,3.37166753732743,0.025390408948349756
Country_044,2018,10.856548456010614,0.7617205438350876,11.26018049788161,8.14828777257038,14.780495001673017,2.9155986950184936,0.025123382921307856
Country_044,2019,11.162646804845805,0.5656146838993782,11.374638603814047,8.14828777257038,10.603303991551599,2.9448140562454808,0.08676940067293458
Country_044,2020,10.68061762085352,0.7482553992792345,11.402392189785353,8.14828777257038,13.251261867292001,3.110115134654847,0.04529948797130284
Country_044,2021,10.56105419079516,0.5516937961983391,11.422259695266362,8.14828777257038,8.37039445727589,3.1029312365707993,0.1825592395728774
Country_044,2022,11.021499813288829,0.8302882687071405,11.418304803584023,8.14828777257038,12.463741408576592,3.306170193994838,0.06877438388085323
Country_044,2023,10.75441067943175,0.8374069813021688,11.502616626900725,8.14828777257038,11.724937588027204,3.4305326362674635,0.01114838364591651
Country_045,2014,8.168249750077262,0.4938333967631062,10.314947821725827,7.9803463561861845,17.862733563662367,2.759739330046433,0.0011588689097631476
Country_045,2015,8.390816901470412,0.6486907873502881,10.359358322912701,7.9803463561861845,17.157866639070818,3.264282260377498,0.07838404618017487
Country_045,2016,8.557400640373125,0.6142851139664538,10.370720253179487,7.9803463561861845,16.090176948169507,3.453754356651884,0.03944284760384869
Country_045,2017,8.269964770547519,0.7384546294341854,10.413248029584418,7.9803463561861845,10.701387650396118,3.1087038029646306,0.06000745539896581
Country_045,2018,8.320380778194105,0.6579474657118405,10.44953022423895,7.9803463561861845,14.770462965977982,3.1867713430252667,0.08986182247513053
Country_045,2019,8.76759077697899,0.7825075959974092,10.395309444044571,7.9803463561861845,15.463326804925197,3.250275930201597,0.09392308737131791
Country_045,2020,7.828508612614978,0.602586464035558,10.528827975167818,7.9803463561861845,14.682951831061763,3.3808203310018015,0.07316380339685127
Country_045,2021,8.741387630187392,0.676551597520097,10.536398866406119,7.9803463561861845,9.740371292995892,3.5405196789297815,0.014880194977784096
Country_045,2022,9.589922249076276,0.8114464924965927,10.615962844433138,7.9803463561861845,12.707951953104448,3.203947764740498,0.041118073109955244
Country_045,2023,8.846356700579621,0.6631037572977937,10.580320920143238,7.9803463561861845,8.197971832760986,3.4802220874569616,0.0718839594986146
Country_046,2014,9.137836132329898,0.4253696134291714,10.270046054369537,7.767097215440918,14.096681047680754,3.186314253736213,0.17158828361214515
Country_046,2015,8.882342622253837,0.6788990494076617,10.24721266590308,7.767097215440918,15.745422447800538,3.016706174352954,0.10697781268557124
Country_046,2016,9.954163577950776,0.7391713699710808,10.378511204188086,7.767097215440918,12.736844541669337,3.1577307861614967,0.05004050576107151
Country_046,2017,9.024368961044585,0.7526029400437212,10.337921950455577,7.767097215440918,13.107066833143806,3.218613401785187,0.22240482142343737
Country_046,2018,9.19823714651675,0.5013104667132007,10.383450461105939,7.767097215440918,11.506843306919523,3.0680795462961536,0.05065561457359745
Country_046,2019,9.688340557476472,0.5502473267282323,10.39918574529285,7.767097215440918,11.930249013260658,2.9095573467839975,0.1280752085854776
Country_046,2020,9.020931194362896,0.5897517976623494,10.393583389880499,7.767097215440918,9.915911175513795,3.223695172161685,0.0351200655336932
Country_046,2021,9.39355104479822,0.6031520818996029,10.460937391276248,7.767097215440918,11.862853240227942,3.2741191002028316,0.03356250355740473
Country_046,2022,9.950467959717136,0.6507258533835609,10.512171474131218,7.767097215440918,9.30314273161837,3.670405695236143,0.011801013050777518
Country_046,2023,9.416231994084693,0.6232236358039599,10.55293515846608,7.767097215440918,15.886067327960994,3.1647242155437185,0.05352856877559912
Country_047,2014,7.75260800681157,0.41709361809921053,9.296185428276871,7.9597001253516195,13.90091945080893,2.762827890573959,0.10328050217542695
Country_047,2015,8.439700958467421,0.6531147856955268,9.372043766672823,7.9597001253516195,16.128303524236532,2.967175766410891,0.061779162793392545
Country_047,2016,8.818681421160923,0.49854995516559514,9.296471744791326,7.9597001253516195,15.690315942368644,3.4405392976695874,0.0542715741868111
Country_047,2017,8.438865171019449,0.5684211337201559,9.4027605002756,7.9597001253516195,13.375991981267937,3.0953755295186176,0.031827510566950254
Country_047,2018,8.487102059781266,0.5178006083591983,9.448560352924272,7.9597001253516195,12.452013836341392,3.252390069868263,0.06926957408785832
Country_047,2019,9.473168800181027,0.5689480177392855,9.51135492617127,7.9597001253516195,12.181909579199898,2.8306648602860407,0.08669803430195865
Country_047,2020,8.326153062304112,0.5755811066149972,9.441254692686995,7.9597001253516195,9.805394944734312,3.1182699408517123,0.01615341183836939
Country_047,2021,9.035298976781744,0.8181371345593349,9.433002474752609,7.9597001253516195,13.166667823560614,3.363498736249455,0.01234549363041829
Country_047,2022,8.842245206503899,0.6702172186091212,9.551313872114141,7.9597001253516195,9.973607270973208,3.42323461681531,0.14920881225985066
Country_047,2023,8.701564774406764,0.78182938432374,9.493855199768483,7.9597001253516195,11.46775330237608,3.313521801142821,0.16576345309898863
Country_048,2014,10.301315286287227,0.6250797291816527,9.19671948339211,7.580707100776385,17.457961004978124,2.9716396750007825,0.03461285267874742
Country_048,2015,10.053680583019098,0.6962218951027906,9.19842566993127,7.580707100776385,12.680633166036333,2.918760809022311,0.19125610259077266
Country_048,2016,10.81315218200069,0.6681726927365848,9.118067054908567,7.580707100776385,9.758599694729867,3.0910513638474804,0.04496743826811913
Country_048,2017,9.861131765931654,0.7082659156822141,9.233666223748944,7.580707100776385,16.276675556416897,3.030126701231936,0.05716286480884484
Country_048,2018,10.880469826839075,0.6329562028651373,9.328388977406401,7.580707100776385,13.430793010912575,3.0698334548740074,0.0028428421251771984
Country_048,2019,11.211295502472781,0.7517541184940896,9.215772969599886,7.580707100776385,15.949393299522217,2.939373589326234,0.004070996316055902
Country_048,2020,10.389218449009656,0.7024958500023315,9.321486970162876,7.580707100776385,12.659017471146019,3.137081041365912,0.038210808939573425
Country_048,2021,10.717494037470294,0.7652308947633167,9.357477973675024,7.580707100776385,14.014298433725145,3.4150028272513087,0.021632789285769345
Country_048,2022,11.10413266793376,0.8387434151635063,9.444254003514326,7.580707100776385,14.697217666592824,3.27200163664451,0.0015473063178313212
Country_048,2023,10.703557752883674,0.8125732155504848,9.444881993551762,7.580707100776385,13.091743563726029,3.3094543968174723,0.002445303837810177
Country_049,2014,11.00685276235361,0.5834390833676982,10.872549142483917,8.045876242224187,15.429426366341053,2.7655479094217,0.1507674934326556
Country_049,2015,10.538066869261584,0.5044848126316895,10.8638985532286,8.045876242224187,16.410601116475505,3.2482517316384176,0.07797495452930626
Country_049,2016,10.746687018413748,0.5728394409631212,10.908161563341555,8.045876242224187,13.540902689279307,2.935964624190795,0.14393743650028212
Country_049,2017,10.147042333518941,0.4785425382067668,11.000384584400058,8.045876242224187,13.118993788004378,2.9309198193981527,0.2755527319802702
Country_049,2018,11.299976482255014,0.553997584741622,11.00262106712171,8.045876242224187,7.0177280581985535,3.6151275084331678,0.11128112232540067
Country_049,2019,12.05539376521189,0.7713079324981571,11.05169414373832,8.045876242224187,15.54201245431876,3.3632171965488427,0.004576905643856546
Country_049,2020,10.744071483475688,0.6407218777897935,11.010914768598774,8.045876242224187,15.494726395831115,3.245968001523467,0.09396757137203857
Country_049,2021,10.365850675795556,0.5953897372042108,11.047134886563633,8.045876242224187,10.2828205535206,3.18277860082408,0.14220446770331385
Country_049,2022,11.005367341694953,0.7194364742567917,11.13598584305786,8.045876242224187,9.85929726717264,3.3874670952934873,0.028527375192123675
Country_049,2023,10.579091800686593,0.6293216587236636,11.079944842698374,8.045876242224187,14.474551998461616,3.47456868770804,0.18616090657980042
Country_050,2014,6.921545417325386,0.6462943051897423,9.257700002734902,8.631853338827334,15.399620867437427,3.3818837304586986,0.18292628398363467
Country_050,2015,6.119455800352577,0.42324332509055895,9.17778166198998,8.631853338827334,12.579907409441073,3.1433432468010363,0.008825781550390053
Country_050,2016,6.305463974321314,0.47561272865273346,9.2340158475677,8.631853338827334,18.823353351156843,3.1297820151692743,0.10741793491992484
Country_050,2017,6.0832050622869165,0.6196875627854364,9.324127876865584,8.631853338827334,13.075582060197696,2.8011338561443484,0.22285810415871626
Country_050,2018,6.582914909135683,0.495104858090806,9.255135655907527,8.631853338827334,11.279229978440997,3.22590009020162,0.04898866236350553
Country_050,2019,7.505493247020563,0.5758574354750333,9.408353690028084,8.631853338827334,9.829036861800217,2.8768909797843754,0.13877842783037295
Country_050,2020,6.353879590575179,0.6252457328005047,9.405844224364438,8.631853338827334,14.65159329508438,3.530712685731972,0.031821124930372126
Country_050,2021,6.657754543937336,0.7922726131208722,9.364558730027555,8.631853338827334,5.835688803778862,3.2388861304104144,0.13219002930930018
Country_050,2022,6.958448554929814,0.6977372069860043,9.449954703445597,8.631853338827334,13.307801468511494,3.4821524379151767,0.010103470608645356
Country_050,2023,6.843894260093909,0.7394716458060194,9.51004722829765,8.631853338827334,11.398437442570069,3.4446336312581884,0.04190585890325358
Country_051,2014,9.046643796749354,0.6144259829331837,9.02950815969746,8.226754356277233,15.893745001605396,2.973039825698558,0.009896305983732975
Country_051,2015,8.622040789866213,0.6185333197414916,9.08706975709744,8.226754356277233,14.813945921936869,3.00670955544571,0.06399863683362397
Country_051,2016,9.975731066649743,0.6844013014129968,9.144512651865776,8.226754356277233,13.327490522637856,2.78772953284454,0.023585813677618347
Country_051,2017,9.210190291155019,0.5839517551623159,9.102131513824196,8.226754356277233,11.932492957751144,3.381469262344713,0.005814958302394491
Country_051,2018,9.028713355061281,0.5270438115950418,9.086451472314176,8.226754356277233,12.208638576487472,2.9600280555640803,0.16917580153916156
Country_051,2019,9.75667550059228,0.6507281861499129,9.100835433158942,8.226754356277233,13.143186422678477,3.320709572639735,0.2178175180769651
Country_051,2020,9.119401066694852,0.7089461963304123,9.217822154480357,8.226754356277233,13.385445510233719,3.59289086245346,0.06062236895378121
Country_051,2021,9.270102119063468,0.7594489392129418,9.199907298841781,8.226754356277233,15.13612384511565,3.2902806524780748,0.14314725522233274
Country_051,2022,9.69610613319816,0.6893905119023045,9.326585531541674,8.226754356277233,11.280719739696094,3.5464469014265307,0.023139384991296197
Country_051,2023,9.103507120036305,0.734228632765378,9.293729524172985,8.226754356277233,12.937941579587326,3.584588640899008,0.03146844163519895
Country_052,2014,10.186621107195053,0.6013279471257928,11.086220810006688,7.952770642778999,17.5589298633155,3.269333944750973,0.024731902113242086
Country_052,2015,9.669704868154898,0.6264136671222387,11.241889002752373,7.952770642778999,16.641221119958374,3.138700344116905,0.02015185031216661
Country_052,2016,10.654472411003107,0.5651580255693729,11.211945128679305,7.952770642778999,10.260367320935671,3.034435294731461,0.04332269112902683
Country_052,2017,9.61640963458989,0.48523829867781487,11.238863894503787,7.952770642778999,14.002947217881024,2.9819058128628138,0.0013385342190093221
Country_052,2018,10.087073735828596,0.5289057341444658,11.301850314357004,7.952770642778999,16.31081422617659,3.1252675843471662,0.16224485065017738
Country_052,2019,10.761118757649184,0.5151867416807222,11.272445098003017,7.952770642778999,13.979306303449343,3.26669622510397,0.039924296029508886
Country_052,2020,10.339816877814144,0.5233907609767068,11.313048984252644,7.952770642778999,11.17701371087564,3.164665839350397,0.003287262702037393
Country_052,2021,10.42295168971472,0.8321401240071449,11.252854892863931,7.952770642778999,14.489876454906472,3.0032347291032666,0.09887530208536957
Country_052,2022,10.746689314290828,0.672416591152213,11.393088552987939,7.952770642778999,10.464717818202413,3.2739562893604783,0.04442696967331621
Country_052,2023,10.331238785849223,0.6472955676560579,11.421028105567885,7.952770642778999,11.440088374736405,3.5771323193501923,0.213197441054623
Country_053,2014,8.0119397097939,0.42505747440400565,9.197135843799794,7.944667315721335,14.261585599105107,3.1354719043372845,0.004212493518030001
Country_053,2015,7.134211675689905,0.5203203536966247,9.039687248061105,7.944667315721335,13.750355886756388,3.1846264041379424,0.014078601685465467
Country_053,2016,8.707885304066084,0.6680482789370477,9.2814687004396,7.944667315721335,14.62636894772996,3.065610413017745,0.024977040055878825
Country_053,2017,7.938835152753138,0.6639091650500036,9.187318525615538,7.944667315721335,9.996342386496561,3.4635592262392945,0.017197697176523512
Country_053,2018,8.738413310819734,0.745825832644055,9.209180063029857,7.944667315721335,14.552055827686951,3.137496767864866,0.020908532194500493
Country_053,2019,9.369879432385437,0.7017151529875111,9.231697399496404,7.944667315721335,11.497195706228727,3.353303456879582,0.13914115572212798
Country_053,2020,8.161088487824955,0.7413852842192776,9.279853167600669,7.944667315721335,11.338421551344885,3.5802858004532148,0.025247459714679645
Country_053,2021,8.015954251600917,0.7998304636133504,9.409684352532627,7.944667315721335,15.159240403432175,3.293946179107287,0.0772783975741004
Country_053,2022,8.928546464734064,0.6590854002506253,9.31828464665057,7.944667315721335,7.239979932184473,3.6289212564100177,0.018004468088190874
Country_053,2023,8.99522935164673,0.8269819638040091,9.434295435868682,7.944667315721335,11.350889728368344,3.7439165074721776,0.0013066446802672516
Country_054,2014,10.549870444978088,0.6596687149516611,9.445874320048663,7.523841809630602,16.66038362372522,2.9093788264038576,0.09028047463853374
Country_054,2015,10.297512292702905,0.6247597378613166,9.59786849788976,7.523841809630602,17.546477243424516,2.7059108779526575,0.025828569326325213
Country_054,2016,10.359215439237913,0.6477062918463242,9.507742119278106,7.523841809630602,15.442958647514686,3.2237260240219485,0.10997401554850805
Country_054,2017,9.512036978659903,0.7148339218677207,9.58869484349528,7.523841809630602,11.524253318198502,3.0927662726624057,0.21144793478046026
Country_054,2018,10.519907264477542,0.48410472442820435,9.58361181502391,7.523841809630602,8.948384253777245,3.162876506416416,0.0022597976366977865
Country_054,2019,10.747026522271586,0.6644435608184066,9.580964671377982,7.523841809630602,16.322838174279447,3.1408314828057846,0.08720974873189696
Country_054,2020,10.287613310163684,0.6891758700266871,9.673742816051258,7.523841809630602,13.87583107502131,3.1453833088859033,0.007534028869180491
Country_054,2021,10.403498257495324,0.8151804199733041,9.611077329368294,7.523841809630602,13.617457059767759,3.1364730298798045,0.10034240287340611
Country_054,2022,11.11378015857615,0.769349835651551,9.735957111935171,7.523841809630602,7.284197097203426,3.4222553536106552,0.09025014332940798
Country_054,2023,10.421686618369165,0.6687472292489609,9.772888284322688,7.523841809630602,10.796178839596552,3.5805292814354157,0.0803467421672282
Country_055,2014,11.534624929163735,0.5995167967019893,10.523773402130224,7.880944781843973,17.34551369053489,2.605999908916225,0.011562882190018593
Country_055,2015,10.78337233340823,0.45103023445814505,10.61057641700619,7.880944781843973,15.792979075451541,3.3570297440015096,0.12106511202324553
Country_055,2016,11.485626844326363,0.5163443994854781,10.583190415851726,7.880944781843973,16.710885602210993,3.104971500750254,0.15238569058010232
Country_055,2017,10.914021881329347,0.6143383983219682,10.662984013998713,7.880944781843973,14.608115542231815,3.169827667883625,0.03824016463264802
Country_055,2018,11.392551146416103,0.5520897370351101,10.610929459757818,7.880944781843973,16.006839656858,3.143422655896075,0.008131158830673044
Country_055,2019,13.052819861748638,0.7620855586211646,10.789930688137314,7.880944781843973,7.524382686929841,3.1376107504609796,0.029193155929613183
Country_055,2020,11.585695255660749,0.7246575067765296,10.832823772240323,7.880944781843973,10.108986240114538,3.1415403215591784,0.08005997638681009
Country_055,2021,12.118249352439623,0.7480266384168928,10.789835369650143,7.880944781843973,9.448494632719445,3.557144928516607,0.16499695103187587
Country_055,2022,11.687841265180804,0.7457518206097511,10.897063527123281,7.880944781843973,10.999372654776451,3.3080902117676487,0.07679975562994494
Country_055,2023,11.760992512300618,0.6176649369695432,10.820930982545212,7.880944781843973,11.332892076202905,3.9609372651804233,0.06236169069090607
Country_056,2014,10.181122899472888,0.5913322425536774,9.066449539143326,8.098065729511953,15.515951962442362,3.3941728541435596,0.023261552222524698
Country_056,2015,10.269635371520591,0.6893805880331211,9.219586146465279,8.098065729511953,11.408540426618533,3.11901507538917,0.10481238673703133
Country_056,2016,10.373012515736836,0.5798544773382671,9.27387729765329,8.098065729511953,11.31574450302977,3.219747803198628,0.06503821960066557
Country_056,2017,9.397907605272817,0.46628023534802,9.269201511086756,8.098065729511953,13.014637446375934,3.075163944801963,0.11637521557411486
Country_056,2018,10.247876179850225,0.682698870662122,9.212579105012704,8.098065729511953,15.4600011454383,3.4851789499249177,0.04843781907710979
Country_056,2019,10.452500931566446,0.5752637299672101,9.327844129898963,8.098065729511953,12.226009021115084,3.293605018426513,0.27873626998145573
Country_056,2020,9.877152669237878,0.6217915801928703,9.294206994992564,8.098065729511953,11.668737179364735,3.0498607874023547,0.0858594775840109
Country_056,2021,10.44274666757257,0.5745438535185604,9.296230945235713,8.098065729511953,8.12531130577858,3.307334040138146,0.039187047719531375
Country_056,2022,10.43689216562936,0.7544700406423539,9.348446517514475,8.098065729511953,14.906518275053136,3.434505356584618,0.24731943917827381
Country_056,2023,10.884781179198736,0.7605420201836343,9.4100253923597,8.098065729511953,8.10941247280151,3.0906523974043894,0.03300937902162775
Country_057,2014,7.780636264367329,0.462649280648377,9.078491585307505,7.860094828811497,13.543455595186774,3.016158325944396,0.07235484912802177
Country_057,2015,7.845063245756942,0.5236442561170338,9.093822009166322,7.860094828811497,16.553972526639463,3.086973576770527,0.00660796923693951
Country_057,2016,8.220517885642481,0.5588937876494662,9.15627511385961,7.860094828811497,14.278120797306835,2.9458525880598274,0.013137679297997343
Country_057,2017,7.837901339009095,0.48418462155088055,9.241820416474203,7.860094828811497,10.728024115202004,3.3904955495306015,0.006686770086443373
Country_057,2018,8.614830262595946,0.7285958718354868,9.286765794905852,7.860094828811497,12.191205153632078,3.058654047296152,0.22625510963182374
Country_057,2019,9.268922173796774,0.6741935677728902,9.224992077109714,7.860094828811497,7.435507829560629,3.287352410969648,0.05251096726058542
Country_057,2020,8.329475644092875,0.6519566919141505,9.199446606695185,7.860094828811497,11.193848021869938,3.047062713648788,0.004488845743051882
Country_057,2021,7.863293204195938,0.6549646097841755,9.305230031741191,7.860094828811497,11.915605014706626,3.291318896831591,0.003965705263212149
Country_057,2022,8.481612577134257,0.7364001390288886,9.314485490566204,7.860094828811497,11.836411511775944,3.6282928635944502,0.06471823431549793
Country_057,2023,8.660948191680806,0.8153216419638393,9.345403223999245,7.860094828811497,12.702645915471525,3.145680631473466,0.25350379531455586
Country_058,2014,10.56338413356057,0.5714822948448832,11.86224290447006,9.13621736022344,12.447391166923328,3.2800799589590564,0.059286447262727346
Country_058,2015,9.589735916269506,0.4440317179828807,11.898325807147353,9.13621736022344,12.217982980494524,2.80673483344098,0.01631229159112896
Country_058,2016,9.825617571159057,0.45534506168611927,11.869673404289639,9.13621736022344,11.48972925605321,3.1572389518096045,0.05282254264866054
Country_058,2017,9.70556194545075,0.5035980077261513,11.977994166130673,9.13621736022344,12.747398550150008,3.004465529028755,0.00590513048351373
Country_058,2018,10.655214531399183,0.7434100538533371,12.038341827310381,9.13621736022344,16.794577389546223,3.309392219092658,0.003993631476633541
Country_058,2019,11.436405473596494,0.6936716544282284,11.992320022366535,9.13621736022344,9.826549122248139,3.152401336758555,0.006426339183889514
Country_058,2020,9.96016109220022,0.5569851337896841,12.008985705544383,9.13621736022344,11.838243004269078,2.9724790165086654,0.03547077007750423
Country_058,2021,10.801090883055966,0.5630274185666214,12.09244646090415,9.13621736022344,7.288706116319351,3.1272961535144015,0.05381175252340576
Country_058,2022,10.71177183820514,0.6606114818652388,12.055490155321474,9.13621736022344,10.87163167742236,3.4220779278215394,0.10434951503164064
Country_058,2023,10.880757355492822,0.6510771981690171,12.057327477700934,9.13621736022344,7.304801660809136,3.574149511055885,0.06333649273350252
Country_059,2014,10.055775063667454,0.5049813560712142,10.418709715451177,8.407750511222131,14.286653731640257,3.1005429783546514,0.14205014919141273
Country_059,2015,10.039393089472588,0.5429018607877558,10.432778029363265,8.407750511222131,11.755068904231798,2.930515326971354,0.10500496236287943
Country_059,2016,11.075416329833095,0.6897835319978394,10.573469253204737,8.407750511222131,10.504726980343477,3.1679447718749514,0.004917470869113773
Country_059,2017,9.851578524757052,0.5847455704055233,10.478089385606797,8.407750511222131,14.348787875722024,2.7079914421419637,0.05865283947261195
Country_059,2018,10.002371295907288,0.5199029396721987,10.49958399882768,8.407750511222131,16.25833272980189,3.473619696352763,0.05290127296105525
Country_059,2019,11.129935157177927,0.6781341895830356,10.48628312664354,8.407750511222131,10.397380176721311,3.0139432792354257,0.05105331077246076
Country_059,2020,9.991619177189584,0.5830321578737055,10.712659414094299,8.407750511222131,15.188884783498393,3.540934887998741,0.06638939775013779
Country_059,2021,10.842072129951044,0.7102172832468221,10.681838091060712,8.407750511222131,9.345247846030484,3.481389422464856,0.07535082410585589
Country_059,2022,10.35417879821078,0.6383999053656152,10.612288226528165,8.407750511222131,10.928348842587074,3.7619029837037212,0.057675657178104855
Country_059,2023,10.45585978660853,0.8003824902131605,10.605863351778554,8.407750511222131,10.435438777901059,3.462833425124935,0.22706305897387385
Country_060,2014,9.103831182533145,0.5651595041788677,8.562814791978271,7.94343597374213,13.486472045968148,3.115883796579794,0.18151242115447058
Country_060,2015,9.56540933688145,0.6871975366385528,8.592629189241547,7.94343597374213,16.648636025431124,3.300617783460415,0.04492368284294189
Country_060,2016,9.887662189279501,0.6116368891166619,8.627214741127897,7.94343597374213,14.388103887211749,2.9855611859413114,0.017716056488583574
Country_060,2017,9.730306881608879,0.6265401360259566,8.600406673415456,7.94343597374213,11.36753013620155,2.8388059947364184,0.07644843815859793
Country_060,2018,9.485226326948203,0.5441984036094941,8.674738142326808,7.94343597374213,10.412984749591809,3.0561986664637195,0.1336481170601462
Country_060,2019,10.99161172698678,0.779825881718094,8.754594421515964,7.94343597374213,13.708241779177037,3.228529041857197,0.06651749043917335
Country_060,2020,9.855137224127953,0.7995221209949525,8.794137116820602,7.94343597374213,14.292881740801455,3.4298994729718477,0.004037883241639163
Country_060,2021,9.655405523246971,0.6168574543318065,8.777982702982575,7.94343597374213,11.045047480093185,3.2552270259680944,0.1567830648246601
Country_060,2022,10.47180922849534,0.6317199152225089,8.893666059620559,7.94343597374213,11.001365637914965,3.5583592825606942,0.02998688330335565
Country_060,2023,10.420278564750973,0.8729683069968713,8.753696644253687,7.94343597374213,9.669572464189457,3.5619400944822845,0.02892185348064662
Country_061,2014,10.811741359699358,0.6015126577732183,11.552666127755604,8.346427877908905,14.431689804142406,3.1062193204569217,0.018536195260164007
Country_061,2015,10.056762884903325,0.5482399584500067,11.533045055720253,8.346427877908905,14.59386980412074,3.3080522258092127,0.02114065239344945
Country_061,2016,10.549786870037973,0.49958948415856075,11.584816242428513,8.346427877908905,12.734489940229922,3.121881519804012,0.0369923260986401
Country_061,2017,9.691195950043365,0.7138372631590695,11.713033622365822,8.346427877908905,14.033636792590803,2.8483624291292142,0.005157221833326931
Country_061,2018,10.276978490895763,0.5545619462782279,11.672458428561393,8.346427877908905,12.929984779987528,3.398047690741037,0.166668672460287
Country_061,2019,11.41778687280046,0.7571692812109373,11.791100004936423,8.346427877908905,11.637748860849802,3.1370036177935847,0.09377799726362634
Country_061,2020,10.361126230639599,0.6194850547323502,11.789424492302555,8.346427877908905,12.728280592109323,3.7441367593166226,0.05716117323307555
Country_061,2021,10.740811310379309,0.7807188091660897,11.793954354751147,8.346427877908905,10.043845804289358,3.324220163176362,0.08685104285279154
Country_061,2022,10.96888697479427,0.8437249106677791,11.878525330817745,8.346427877908905,12.180844122502927,3.5633735939064524,0.011296233522813314
Country_061,2023,10.748755453225797,0.7833169723603962,11.923429192268912,8.346427877908905,12.2446307600569,3.5606727137545247,0.014796414222057743
Country_062,2014,9.652080861069278,0.5150191423174777,10.334220891657964,8.036598495500847,14.832564080301577,3.0677783196437045,0.0636870068998318
Country_062,2015,9.835410529907822,0.5733340915468502,10.33479025105005,8.036598495500847,12.798929442505912,2.8779614609155,0.14115130559728706
Country_062,2016,10.099932807855499,0.47162041321893866,10.361303479037883,8.036598495500847,15.67893700903681,3.1946101856466425,0.09552817859545579
Country_062,2017,9.143093540471748,0.6776114800704572,10.40824536680626,8.036598495500847,12.869826537611782,3.105811547699048,0.17399191340529757
Country_062,2018,9.746213465434275,0.5611677769463974,10.447894115088328,8.036598495500847,15.905233490972359,3.3993049267793163,0.039954173126527555
Country_062,2019,10.13496686677999,0.6107408581427614,10.445838859878533,8.036598495500847,12.578894096481479,2.976346212254874,0.058808224943093776
Country_062,2020,9.49380335988784,0.6716562375170471,10.505267387284812,8.036598495500847,11.68369231125536,3.0724524008377214,0.3247469596167458
Country_062,2021,10.350689742080695,0.7389438746925627,10.475563063340235,8.036598495500847,11.28732599493737,3.0393144403066414,0.04388112401575361
Country_062,2022,10.690262663812511,0.806075995683467,10.48353377652489,8.036598495500847,12.16547516634773,3.2009192793950505,0.049003366164926385
Country_062,2023,9.593062590128957,0.7338624226915804,10.587536226567716,8.036598495500847,8.84360745406953,3.629317730847204,0.4365747704507057
Country_063,2014,8.11878923747906,0.4612726319105287,10.294021882508959,8.39658784410934,14.681275535708187,2.7181786144488047,1.8165119626677884e-05
Country_063,2015,7.5690247744407975,0.45610907286299585,10.311180267968561,8.39658784410934,15.54255981002763,3.079883894701839,0.21138994193833932
Country_063,2016,8.275233104148603,0.593717846219632,10.327156877725416,8.39658784410934,13.636993675728666,2.8533004832110196,0.07768734511010919
Country_063,2017,7.594889217469139,0.4706770692419429,10.377617918152197,8.39658784410934,14.15821355742026,3.1287024233638903,0.1297215619466605
Country_063,2018,8.91758407867762,0.6826760320702316,10.402301785354789,8.39658784410934,9.062153715167835,3.427683104131142,0.16081453969295378
Country_063,2019,8.636429528370282,0.6449696227626305,10.480782224916318,8.39658784410934,12.455442041632573,3.2996547865822894,0.3876331242123089
Country_063,2020,7.772361634701716,0.5220946785641044,10.448146000454171,8.39658784410934,14.607015863869519,3.0157693719708756,0.13668289968835023
Country_063,2021,8.265590040775097,0.5401793816504387,10.577005544502182,8.39658784410934,10.504858323229586,3.137242076779594,0.021280677272009024
Country_063,2022,8.666114928657153,0.6852184346987444,10.468360874163679,8.39658784410934,11.943084760836411,3.5840022920010792,0.18856245669882035
Country_063,2023,8.274431509546641,0.6120402112007092,10.483134901364156,8.39658784410934,10.327860614418213,3.238734400138852,0.03090022253456422
Country_064,2014,7.695660389600482,0.43715380801174525,9.689990018514075,8.232184931773286,13.229502627751556,3.0970002583046456,0.06293175333141349
Country_064,2015,7.355395491179848,0.47064300173536927,9.733480392456906,8.232184931773286,13.67517236356704,3.3639732872519934,0.218418164984162
Country_064,2016,7.698097215762339,0.5252552887135187,9.725955342143,8.232184931773286,14.424186706148351,2.9295596737356835,0.03998039318446371
Country_064,2017,7.233146067082864,0.6673739991357968,9.703307967826245,8.232184931773286,13.818925013608258,3.047518957075176,0.055988793751291455
Country_064,2018,7.9409813593499585,0.6736603069231567,9.826920881648352,8.232184931773286,14.62159729118342,3.232681094804481,0.007320685366363604
Country_064,2019,8.76629860668156,0.5119434318337261,9.76094718208952,8.232184931773286,8.913787094930846,3.223168871581547,0.0035245200041937826
Country_064,2020,8.071031808980596,0.8043339093907689,9.834288117756538,8.232184931773286,9.63193888355488,3.380693783621583,0.009204369437754342
Country_064,2021,7.9394713318038965,0.7725703616697168,9.881927450931142,8.232184931773286,11.865002061198426,3.5894372969244857,0.01705705020125335
Country_064,2022,7.827871416765787,0.5807110810734125,9.973266657085267,8.232184931773286,11.96181618549779,3.1501209593880946,0.08077019964122753
Country_064,2023,8.626248574046285,0.7589401226240632,9.895665889418286,8.232184931773286,9.704884469016557,3.361381025208786,0.011349855348639304
Country_065,2014,10.82844712650543,0.5802836453613157,9.484260989577535,7.692838427951853,12.25651374147299,2.8029611194425303,0.1389806353953561
Country_065,2015,10.38438013590093,0.6602816164624291,9.457819475695741,7.692838427951853,11.633696370950576,2.984411615946528,0.09212817221664732
Country_065,2016,10.479159308350003,0.6229438284644351,9.477041214800435,7.692838427951853,13.697401559534955,2.979166479336829,0.0067210500805373555
Country_065,2017,9.839336548917581,0.4869278501680472,9.502719043054103,7.692838427951853,11.921322988560652,2.9377412936577034,0.029416454986503148
Country_065,2018,11.5102440017603,0.7453436182790278,9.571292745188844,7.692838427951853,16.30723453698457,3.509051433950949,0.017398568642476925
Country_065,2019,11.42904307884403,0.7279470975285165,9.530448095701145,7.692838427951853,9.546150144936197,3.3262488532956147,0.10713080978980033
Country_065,2020,9.855244962729289,0.5348817725048448,9.662817303083179,7.692838427951853,12.486009444108799,3.251934352513397,0.020595877450404226
Country_065,2021,10.619643417105346,0.667131035979277,9.660401512094785,7.692838427951853,11.851072459157196,3.4094789707062216,0.04708170510240871
Country_065,2022,11.179444847227419,0.8328645419036416,9.5655101205947,7.692838427951853,10.675752049040284,3.702667255671145,0.13362286003203921
Country_065,2023,10.927956535515584,0.8345415323218794,9.6653194863146,7.692838427951853,6.683995725753385,3.6887289731146455,0.22640701741480435
Country_066,2014,11.994389717619406,0.5185160013570388,11.587290694586764,8.696727263762217,15.75927929677193,2.9751145353787165,0.0896088332520956
Country_066,2015,11.84254612218331,0.5270947288405992,11.67656259298217,8.696727263762217,13.855943691015883,2.822906660837966,0.11070202265938518
Country_066,2016,12.866394296069693,0.5275733520493422,11.555060293850469,8.696727263762217,14.437068084821892,3.076697924330604,0.019470908958243327
Country_066,2017,11.994959508365234,0.6025301022075161,11.651451887007818,8.696727263762217,14.596639255108997,3.1619535674746566,0.09828280328746405
Country_066,2018,12.170909760510034,0.5170349597431065,11.668502328146332,8.696727263762217,9.776865281794343,3.3505364630572116,0.1461576282410376
Country_066,2019,13.360895786459267,0.7184349312008499,11.656855197365047,8.696727263762217,12.844508772822074,3.553743670543359,0.11748599493335458
Country_066,2020,12.055255980915174,0.6224923338071806,11.748827953177436,8.696727263762217,12.776624010846898,3.1857251495165446,0.1821512967496425
Country_066,2021,12.908084342993082,0.7847236141878363,11.758351687085831,8.696727263762217,9.954862502487519,3.0208814771916375,0.05131054003668356
Country_066,2022,12.714872442918619,0.8208949054436514,11.785212616195455,8.696727263762217,12.826947464034813,3.4193940353521697,0.15047224637002773
Country_066,2023,13.073027480910548,0.6296499323990967,11.821823988352953,8.696727263762217,7.941938527560428,3.512895894496681,0.08069953595336987
Country_067,2014,9.768977307505182,0.5679233984001025,9.578274918586379,7.709675848723024,14.520996155956501,3.0821064028818506,0.04573050010533613
Country_067,2015,8.684688508484365,0.4976712824379419,9.61538754549307,7.709675848723024,16.037679351937793,2.976585918803665,0.06082349624513551
Country_067,2016,9.22662059689639,0.4898765991049102,9.74368588444009,7.709675848723024,16.581288921845093,3.391605055112865,0.28004305652227707
Country_067,2017,9.17927736127189,0.6886636174942531,9.69070557634522,7.709675848723024,13.88315479238818,2.8951014235001953,0.0878935396774148
Country_067,2018,9.640862079021801,0.6269357603964723,9.77105027155268,7.709675848723024,16.281229126976577,2.788406649320649,0.05860306471432522
Country_067,2019,10.042321191866629,0.5557330864096124,9.76057958673602,7.709675848723024,11.403599403666455,3.2246238571795613,0.08590751137103098
Country_067,2020,9.346800665300874,0.6874513551671322,9.678462977018695,7.709675848723024,11.057472518594961,3.4101575470233527,0.20474814940205657
Country_067,2021,9.59482169062821,0.7611397241869917,9.689667976604243,7.709675848723024,11.556915162366318,3.3440516691689233,0.03279682301694006
Country_067,2022,10.318834728482745,0.7055053962572124,9.905091036707285,7.709675848723024,11.72129578287159,3.8781532329535446,0.021598876272636746
Country_067,2023,9.457176604807408,0.6024687526005952,9.71770254733692,7.709675848723024,9.24023089527238,3.306987355872515,0.056241491683867946
Country_068,2014,11.726244021185904,0.6531980415826075,10.794066647227883,7.507503437091493,13.841751780728508,2.8958272669698286,0.0032593042023879104
Country_068,2015,11.41436256815102,0.5912721161256435,10.936516843725137,7.507503437091493,11.652634726232154,2.8029439010467447,0.009019784603903791
Country_068,2016,12.63489372216961,0.6699787834136155,10.818962195414555,7.507503437091493,13.480399718464975,3.1561064681110516,0.09654901066736776
Country_068,2017,11.782376533788113,0.5966948648319632,10.93113118991546,7.507503437091493,10.66754588841471,3.4741951932498774,0.026493760442493276
Country_068,2018,12.119209979942864,0.4968672884552917,10.943867340108529,7.507503437091493,12.556973474095752,3.3747257004149063,0.075403181007128
Country_068,2019,12.941796619326272,0.6029826467193344,10.867225674950587,7.507503437091493,13.099295375674696,3.288512046906525,0.057845997600629064
Country_068,2020,11.701851021046359,0.7009639186298513,10.972802874671766,7.507503437091493,12.786614100010647,3.3470635922878196,0.21572931575174592
Country_068,2021,12.364507939633349,0.714516458242043,10.957035248335668,7.507503437091493,11.912723542650902,3.2497507723533046,0.16951298791816505
Country_068,2022,12.32288417830464,0.7470515933742012,11.075515026292296,7.507503437091493,11.558535676433053,3.3207707820125356,0.018031180597041768
Country_068,2023,12.166267281931773,0.7829195106730019,11.07748642968573,7.507503437091493,11.094488546760248,3.267143737840672,0.11299499887593757
Country_069,2014,10.464528751375816,0.4978510762384761,10.260345945684795,7.231207601775412,15.226280914106045,2.765346088799214,0.33415452377844274
Country_069,2015,10.69115562891513,0.48106046216606896,10.293225784462795,7.231207601775412,13.888761777863374,2.9685237265236375,0.0666692710934022
Country_069,2016,11.18067240755734,0.7055716636122695,10.408201506267984,7.231207601775412,13.551362058243791,3.115951305379843,0.19555925789116352
Country_069,2017,10.569081744484647,0.5001086963198309,10.429620908179126,7.231207601775412,12.725276070894378,3.183407400145271,0.03612959525722483
Country_069,2018,11.246691061808711,0.5796517566185198,10.396969099083744,7.231207601775412,13.443116947248422,3.403537282547272,0.2120619585604644
Country_069,2019,11.804383625448551,0.721563816019089,10.462417676259816,7.231207601775412,11.320210487074219,3.217688803274822,0.02658818998421189
Country_069,2020,11.070806980350204,0.8129852911945028,10.53019677599851,7.231207601775412,13.772382377169592,3.542431737710066,0.04560797910232897
Country_069,2021,10.927231493861626,0.824305853119284,10.482625502488146,7.231207601775412,11.963684184269695,3.2147517583515155,0.11291001671212737
Country_069,2022,11.755883973662542,0.6933720503208286,10.600582590602698,7.231207601775412,7.939077180513246,3.231878514506071,0.004818904692714442
Country_069,2023,10.87068792365979,0.6304060156578036,10.540508193986588,7.231207601775412,6.719979657634115,3.2183428007267993,0.004728368922910953
Country_070,2014,9.458226215054891,0.5994217614732539,10.826788859770994,8.478895807236453,12.808961222308875,3.3394864362673538,0.042309873249732136
Country_070,2015,9.000517360529644,0.6275160342404067,10.829251967156894,8.478895807236453,14.504575872287008,2.993639523862655,0.03674093621680811
Country_070,2016,9.793281344006497,0.5905836215395526,10.868609004674829,8.478895807236453,14.675915056464236,3.1512443672163957,0.06979533106742393
Country_070,2017,8.450317728018597,0.5970664215211801,10.920470507714178,8.478895807236453,14.123305712009557,2.678533155080104,0.272190582714839
Country_070,2018,9.676884099309781,0.7388878869939055,10.9056658933552,8.478895807236453,13.48706040837269,3.046838003988258,0.06383036573359972
Country_070,2019,10.510403976539232,0.5611983810828162,11.010913339048903,8.478895807236453,12.065737850107595,3.294618245011979,0.004492644715261113
Country_070,2020,9.292038796819373,0.6072630562694747,10.992046459278123,8.478895807236453,12.959654070733666,3.529235652140972,0.029096324300570537
Country_070,2021,9.87598597385791,0.6293578195170634,11.006536223138784,8.478895807236453,11.007233194970905,3.319437776586528,0.020647956520387204
Country_070,2022,9.890221347025934,0.8419773118657127,11.027196329538503,8.478895807236453,9.067507360493492,3.1341629733310232,0.17741547753614145
Country_070,2023,10.281878607464037,0.8751134749627456,11.17207541202671,8.478895807236453,9.814242276884872,3.255569520359468,0.01629682810042752
Country_071,2014,11.54136080835706,0.5285055401706539,11.156667485655726,7.760620714239156,13.56791312744832,2.968016795432912,0.061350813058001316
Country_071,2015,11.026572815176372,0.6862273606111081,10.949867202810903,7.760620714239156,13.508243655979701,2.988766828428898,0.07637545122946027
Country_071,2016,11.35437769628364,0.5236082947785577,10.948832079336,7.760620714239156,15.142358812438417,2.770627228341431,0.026170211213218574
Country_071,2017,10.380856651415122,0.48477164741058315,11.134740462194385,7.760620714239156,12.247369447633986,3.1089543234888377,0.057143149809539995
Country_071,2018,11.465173245910755,0.50609010607678,11.116371103064298,7.760620714239156,10.7478920781779,3.1680629625023404,0.06767663545022845
Country_071,2019,11.358109810432632,0.5042589903415171,11.191488270137226,7.760620714239156,13.61667284642341,3.1821526065480756,0.0944488694915177
Country_071,2020,11.01825703925039,0.6799970643578815,11.235436626538315,7.760620714239156,8.39227441487527,3.064795973549448,0.30338490445424554
Country_071,2021,10.98380096568997,0.7209736268052089,11.248935681638285,7.760620714239156,13.857025379596845,3.3988421805093503,0.09498764663816829
Country_071,2022,11.748806971676117,0.7434024968743179,11.293042771600241,7.760620714239156,11.017112161648699,3.6573251620207055,0.01495095811027615
Country_071,2023,11.94451138578324,0.7095421285323332,11.231061980992125,7.760620714239156,8.14108067098444,3.433036065068052,0.12639594076600927
Country_072,2014,13.463882043629136,0.46731489393993864,11.8086067837098,7.079051113521071,16.397377627034086,2.65658761031159,0.0007302859110925246
Country_072,2015,13.159778016630979,0.5536553443479484,11.876316137866107,7.079051113521071,18.8924462843056,3.064376187143775,0.15927436226644232
Country_072,2016,14.634197945442658,0.7003938880192708,11.908578111110721,7.079051113521071,11.816749655681795,3.426314347530951,0.037222759233414
Country_072,2017,13.305555975230625,0.5783438172516573,11.923516098390323,7.079051113521071,11.724460976922918,3.0738007188133216,0.2722581011605572
Country_072,2018,14.004681736012431,0.7699866662688323,11.996077143971885,7.079051113521071,12.416482735482926,2.822493619398375,0.05973970537217636
Country_072,2019,14.190831877497398,0.7209419523857219,11.93203921259286,7.079051113521071,14.358819969581631,2.935310047979556,0.030340901619101485
Country_072,2020,12.901582598630931,0.5776773755404276,11.917011467599481,7.079051113521071,11.797438562596934,3.0358149387873397,0.0687446403347267
Country_072,2021,13.886334831749163,0.7221973250379198,12.106070451762607,7.079051113521071,13.446203122030145,3.402442946447371,0.0052992795703005035
Country_072,2022,14.46714146923971,0.6232909671859852,12.153557950267807,7.079051113521071,12.211212465262626,3.37218993604256,0.01962989969460249
Country_072,2023,14.187404863874999,0.7434403255828296,12.168431807340776,7.079051113521071,7.445664286820705,3.3735545522867696,0.02182366292084176
Country_073,2014,8.198107326182344,0.5100036639108945,8.402867801403959,7.788200709135912,16.406855833574618,3.058729754772614,0.24749646787100735
Country_073,2015,7.510816893145028,0.44041119422750097,8.450072644738082,7.788200709135912,15.96391100501969,2.8225642448394876,0.05640556567524956
Country_073,2016,8.862725370741133,0.6934592256231525,8.53630917640353,7.788200709135912,14.766870062807289,3.3789250776422355,0.030014373849500925
Country_073,2017,7.562662985864901,0.4629482657709364,8.54929857699454,7.788200709135912,12.826894820243654,2.805764834942055,0.09457104442731773
Country_073,2018,8.305905512043783,0.7234881043334561,8.533447931757445,7.788200709135912,15.07260578414496,3.1068609519762327,0.10386810804965721
Country_073,2019,9.989846761416986,0.6829045724827332,8.635642010043542,7.788200709135912,10.192615437320283,3.334421718697981,0.025689828882961514
Country_073,2020,8.719050440294424,0.6937940208365383,8.528403736090803,7.788200709135912,11.36529901551493,3.3340404098986727,0.07991346617019195
Country_073,2021,8.464479923553679,0.6098575670628283,8.628878974298498,7.788200709135912,11.554626759702877,2.9568142011706042,0.01604831870719933
Country_073,2022,8.605088456008488,0.6374322929520244,8.589762868571981,7.788200709135912,11.094986936503286,3.1800705411901475,0.21020511167628864
Country_073,2023,8.870694349926568,0.6118641482765369,8.741784536978642,7.788200709135912,11.93174548938192,3.5798860932406127,0.11680030742684357
Country_074,2014,10.393045701866841,0.5939222125684267,9.276911662623418,8.153701784859845,17.390961301650957,3.3436814145296925,0.002798531472361571
Country_074,2015,9.993223549803732,0.5505043783020671,9.25945734454754,8.153701784859845,14.94654167184052,3.129239880076836,0.011455729598770207
Country_074,2016,11.361788770185665,0.48900633492294693,9.372803993123304,8.153701784859845,15.292012374229103,3.1157555455732666,0.0503778918644468
Country_074,2017,11.069160930138144,0.720399877568527,9.367845621378901,8.153701784859845,11.947001719013999,3.235118850692559,0.006261032173871535
Country_074,2018,11.070885338377261,0.5580144120757302,9.352708009966843,8.153701784859845,12.191276014619955,3.315180887386467,0.07540586087221424
Country_074,2019,11.695953031010152,0.5337509391579895,9.438825804151678,8.153701784859845,14.139850505270468,3.0694600671554935,0.08153408883361321
Country_074,2020,11.10244483491831,0.7992016766687196,9.398048055222235,8.153701784859845,10.07159985715351,3.452666830186775,0.29333597436086434
Country_074,2021,10.697785972383873,0.7342026403119274,9.497446886200109,8.153701784859845,13.643859730423594,3.420458088833257,0.3235647599131661
Country_074,2022,11.058577405912795,0.5719843919858284,9.4968229029287,8.153701784859845,12.693764207769828,3.616344338879019,0.09671858687896503
Country_074,2023,11.273934042731442,0.7080684183469909,9.499664364605518,8.153701784859845,10.377848657295248,3.6053292056788298,0.08197382096863956
Country_075,2014,4.894350773566724,0.5065851922710768,7.558114951864625,8.131033404543363,10.563304479897837,3.2249674120231404,0.10051181222533925
Country_075,2015,3.8991206371981617,0.45757536932886245,7.560627905741646,8.131033404543363,12.23443009746451,2.9856031267081495,0.07284106338192961
Country_075,2016,4.951682416917571,0.4630907549024052,7.546599502645167,8.131033404543363,9.539063961751083,3.2991562456755057,0.022446460220267358
Country_075,2017,3.9408236802633256,0.7231361402986864,7.724329537200071,8.131033404543363,12.954910557276381,3.2121716381589622,0.017104299338925176
Country_075,2018,4.812947628127876,0.49462989564394216,7.723251721959557,8.131033404543363,14.360460416835258,3.1574997270617673,0.0335320815484034
Country_075,2019,5.400842430910046,0.7269939648057197,7.681744260727276,8.131033404543363,12.699773908818425,2.99525651985491,0.016683275201728825
Country_075,2020,4.061073467044564,0.5252494641962167,7.813141024312387,8.131033404543363,12.59315387706061,3.3191471667733126,0.13696004782532076
Country_075,2021,5.156177583374265,0.7189039492490328,7.727801592432786,8.131033404543363,8.833743290444387,3.4994145687693106,0.06954417499190929
Country_075,2022,4.664557787888764,0.6217645964534964,7.857812689984612,8.131033404543363,13.325677155069972,3.2261495289568165,0.011127818275571393
Country_075,2023,5.141887434154146,0.8688197751583417,7.888161389989326,8.131033404543363,11.3353615044788,3.220719938656443,0.008932677423995004
Country_076,2014,12.945062650158059,0.6109831683197355,12.49047456902119,8.161592741229104,16.088440704680693,3.1275438994363833,0.0269649175701223
Country_076,2015,12.22274038425682,0.7073913199447363,12.386000536337377,8.161592741229104,16.607783104591768,3.0657805662289124,0.014570066592691196
Country_076,2016,12.92715574343559,0.5106149785695073,12.443467591859035,8.161592741229104,15.106777966148854,3.272789327453974,0.019031582632630915
Country_076,2017,12.463545027012735,0.6101858597001792,12.536760271331266,8.161592741229104,12.344158446334578,2.9026959327306656,0.013640333786319576
Country_076,2018,12.49287370788707,0.7064482375086993,12.588560413792468,8.161592741229104,16.354754175610978,3.098453339354049,0.04159895369153309
Country_076,2019,13.63859679672513,0.6693782243870965,12.527786366971004,8.161592741229104,9.794982621118555,3.3128565510146073,0.024705436508624876
Country_076,2020,12.524698340915826,0.5706248315194689,12.640248924086418,8.161592741229104,12.531233986345066,3.290159016765326,0.23308074647395366
Country_076,2021,12.556972032520262,0.5964907574751319,12.576375620365056,8.161592741229104,13.615628361641592,3.235332032156811,0.012426453584712307
Country_076,2022,13.475378295763925,0.798673512877276,12.656829395990123,8.161592741229104,9.174378161406974,3.1712881080469,0.008216681767296391
Country_076,2023,13.27380768828261,0.7767462301982179,12.671340021132904,8.161592741229104,12.648666009540488,3.8445621509436183,0.0918253335096681
Country_077,2014,11.773935237754495,0.6672921654072111,11.643135187365287,7.306065724772099,13.898036392923501,3.243539628838283,0.38259406015660524
Country_077,2015,11.489500748403787,0.6222880721100075,11.700832107000343,7.306065724772099,12.74305239731588,2.8318206820054463,0.12817944386470206
Country_077,2016,12.026337815541018,0.7130588372434089,11.716624683398347,7.306065724772099,13.393299865045732,3.404705062445808,0.04498954853584563
Country_077,2017,11.316155081586729,0.6886388861350974,11.644736223985408,7.306065724772099,12.304664633490287,3.176437293902977,0.1069794444428097
Country_077,2018,12.04336340006927,0.5603991800653134,11.760766741421547,7.306065724772099,12.885218593996916,3.24657426154805,0.10213915468413806
Country_077,2019,12.247790906891712,0.5084364518833772,11.839431745000415,7.306065724772099,10.567686553259167,3.53997070395467,0.012634973279305267
Country_077,2020,11.431041193458775,0.7156843338455339,11.798908239561142,7.306065724772099,13.310807659700474,3.6257876451287148,0.009093869091690783
Country_077,2021,11.918896498962116,0.83980509014166,11.895383492969538,7.306065724772099,10.358719139599774,3.212732630613035,0.08698050997821259
Country_077,2022,11.897393249048502,0.6007237559299704,11.958396412409261,7.306065724772099,11.028298529931517,3.298679438344837,0.008442619995300979
Country_077,2023,11.747820366160902,0.6934946821495779,11.95623649091977,7.306065724772099,9.331089416299124,3.3991793091928892,0.31869584727245437
Country_078,2014,12.30546410814108,0.4210206087163569,13.202496132351987,7.411518943615016,16.663233572360806,3.145105674607597,0.05493241243549196
Country_078,2015,12.159159766235557,0.6325750637303476,13.251402795158407,7.411518943615016,16.886225891702054,2.896087523766975,0.0358551201794515
Country_078,2016,12.775097051932205,0.548462056328887,13.260136481644585,7.411518943615016,14.39248188133344,3.128570202598416,0.05147751669462245
Country_078,2017,12.253855607776101,0.6989172167859127,13.306938649096946,7.411518943615016,16.08254767803176,3.335296375021043,0.042338525270109
Country_078,2018,12.46789088207629,0.605214882540142,13.4325691816391,7.411518943615016,15.623386898545322,3.053346981302729,0.10655522218800019
Country_078,2019,13.584308220420207,0.5487533195892369,13.384207787608572,7.411518943615016,8.460145335687727,3.1968756356438925,0.11496027702743918
Country_078,2020,12.510540601328557,0.6566184715743822,13.41360905890495,7.411518943615016,11.380700572023878,3.2520815350692582,0.04394960317861186
Country_078,2021,12.559386337041483,0.7596657618936667,13.41813404253314,7.411518943615016,14.952453091271265,3.484339636764252,0.0710223342348383
Country_078,2022,13.406387465473383,0.7484091393708612,13.43745640767385,7.411518943615016,9.534062201752482,3.3385883362182573,0.02390488070502316
Country_078,2023,12.720572843769704,0.714425646184923,13.520134994605126,7.411518943615016,12.175528443093178,3.1606135860394287,0.07885182858937856
Country_079,2014,7.468535375941805,0.6402454299579251,6.292210155533676,6.991330600938794,15.257234900809934,3.349715182811707,0.07059666437128162
Country_079,2015,6.807726868688319,0.5591808790364673,6.211874338915439,6.991330600938794,14.430898752092073,3.106383757625262,0.03268641401119967
Country_079,2016,7.647997375532289,0.6294633136028481,6.313789306580883,6.991330600938794,15.246814276559832,2.8850070744548364,0.037705475491855524
Country_079,2017,7.128173240041809,0.5940622585601317,6.353815293289609,6.991330600938794,11.895439945720913,3.0117230769643557,0.014384319889586676
Country_079,2018,7.162900700903164,0.6931265445037236,6.4074319836973705,6.991330600938794,12.68450603353703,3.311725306550903,0.007037718904315284
Country_079,2019,8.230462211430513,0.5328447098206982,6.4341264201043,6.991330600938794,9.237329779165854,2.998395060954243,0.10114352285734385
Country_079,2020,6.7890344059858325,0.7043498380765578,6.466149564116231,6.991330600938794,14.211666132589425,3.0651851736782048,0.35392102496351135
Country_079,2021,7.523300611009088,0.7454175491643014,6.535062847064643,6.991330600938794,10.101009559664714,3.215131409285615,0.02642318211587798
Country_079,2022,7.243001596989775,0.5658954448240544,6.4193308994153,6.991330600938794,10.034180321078965,3.1457177635651847,0.0005693663364787629
Country_079,2023,7.471722452078903,0.623982490108001,6.569076424738762,6.991330600938794,11.553795847331587,3.5366945663284746,0.07662961362839403
Country_080,2014,7.452113058205645,0.6309194254890641,9.746660418630109,8.0631570997416,12.10958947117555,2.9203127681302443,0.23522824974259662
Country_080,2015,6.998828414001638,0.5651631793692777,9.896650455978973,8.0631570997416,13.531763010830364,3.148015925650299,0.017942670021896225
Country_080,2016,7.093955465427028,0.5267451003362453,9.876785524618587,8.0631570997416,14.713945518533853,3.1252825658867236,0.06860259908751558
Country_080,2017,7.219385656129774,0.6597841498241392,9.922445063433662,8.0631570997416,13.723598316406777,2.7433998528659904,0.055286815708232274
Country_080,2018,7.903384480934874,0.6309661244575904,9.926833760649268,8.0631570997416,12.02304783977928,3.182375231798661,0.012943336575647278
Country_080,2019,7.925850408007218,0.7617183690064444,9.893997664431263,8.0631570997416,13.446814831424932,3.033185903019154,0.2623284141326946
Country_080,2020,6.989366580913456,0.7080498713245202,9.936759629099658,8.0631570997416,12.068016192456293,3.453666798458063,0.13622171613553508
Country_080,2021,7.355412796478414,0.6764870639183211,10.006384670252235,8.0631570997416,12.329545781577583,3.239185254553202,0.06333413336966646
Country_080,2022,7.552693162124587,0.6853952256520741,9.99289067060447,8.0631570997416,11.195626586186615,3.516936656383584,0.01104011726067277
Country_080,2023,7.527780998524404,0.7669413561243477,10.03956588514217,8.0631570997416,11.089942911417642,3.6868506832062935,0.021293526165482354
Country_081,2014,11.299445132706147,0.43804053973802803,11.536857426210053,7.365000701303062,15.768404144011793,3.052235361394902,0.010875703657563462
Country_081,2015,10.82470386901202,0.6301043666599708,11.474107386582608,7.365000701303062,13.994473489807628,2.969150880160554,0.056440232359685115
Country_081,2016,11.552736828142534,0.600706691136809,11.595539581428039,7.365000701303062,14.03876247539605,3.3157067092125896,0.05433681394494627
Country_081,2017,11.408887420946794,0.7140355005609236,11.538496669877187,7.365000701303062,7.146592373607999,3.08217394581442,0.03243319193395532
Country_081,2018,11.86261240598281,0.5515011631883991,11.761021083005323,7.365000701303062,12.388778771692394,3.186621811681055,0.03252272014411846
Country_081,2019,12.052567516944444,0.7847843515267952,11.639979967805022,7.365000701303062,11.700243522663257,3.073099385387996,0.049394626135020374
Country_081,2020,10.628740286197283,0.6855137116059901,11.707569435397424,7.365000701303062,8.101256489355153,3.1498201058077826,0.2693852367189878
Country_081,2021,11.347497312019275,0.613040113220028,11.643487770581576,7.365000701303062,10.084178118651849,3.6665109938625067,0.01845255491768072
Country_081,2022,11.63561238663556,0.6616198867323295,11.814625464033789,7.365000701303062,10.161130494682899,3.122224598073397,0.10838222642944248
Country_081,2023,11.671875342670782,0.6857587723901553,11.788627476654726,7.365000701303062,10.004495163520582,3.2620594803495697,0.18908170161655627
Country_082,2014,10.22208460476254,0.4587940554105286,10.18193550503648,7.920847260995168,14.971802068186657,3.136043091180565,0.06296580848486148
Country_082,2015,10.21326955971814,0.6176705419724572,10.300394591063553,7.920847260995168,12.398753356344397,2.9743296234800467,0.009651112264071823
Country_082,2016,10.590416814937631,0.5929178225864539,10.313611954668072,7.920847260995168,15.239477569405738,2.9379022835253368,0.026801434321951007
Country_082,2017,9.77426818844911,0.6218985366709457,10.381761776796136,7.920847260995168,12.192641718725163,3.110303108296988,0.2164756937488183
Country_082,2018,10.47382455349914,0.6199123783513646,10.402537687544648,7.920847260995168,14.06195132392818,3.037527621142496,0.16695469724340326
Country_082,2019,11.176348247315886,0.6536781691628781,10.3461270552936,7.920847260995168,13.458721906858845,3.717602280841266,0.23377905882969302
Country_082,2020,10.064720312298384,0.5350968798803992,10.463297546082142,7.920847260995168,16.68730810562525,3.164561952469341,0.14466960554680677
Country_082,2021,10.294258240129148,0.6146930697484095,10.41042938806094,7.920847260995168,9.847776016570915,3.0769718646286397,0.053703172721793264
Country_082,2022,10.668965288078423,0.5767779050384677,10.473764986468371,7.920847260995168,10.927338783915317,3.2931519456074145,0.14484590222511837
Country_082,2023,10.741688106805249,0.7484783523136583,10.64806217877021,7.920847260995168,13.220231800360626,3.3593784821249826,0.03071398083630665
Country_083,2014,12.457314887538006,0.44068798480219407,11.114256024385401,7.329963964438033,16.935652048050407,3.0890208509665413,0.08235823057911895
Country_083,2015,12.441549968391953,0.4930327850296232,11.135705697835174,7.329963964438033,15.45073122138402,2.9650555567722554,0.006022923695718088
Country_083,2016,13.163099126595762,0.716012015763771,11.169736438269236,7.329963964438033,17.219041331551946,2.9613378508821664,0.23630056284359985
Country_083,2017,12.417550796229929,0.5806781241050626,11.197221235547484,7.329963964438033,11.061431066955613,3.148979084886947,0.010528920983150938
Country_083,2018,13.426811875593858,0.711852025027951,11.183899776735455,7.329963964438033,10.759905155060256,3.113600124365838,0.03652608667198721
Country_083,2019,14.002047762562325,0.7395360515153572,11.24695485856258,7.329963964438033,11.753463508117372,3.0697009786211686,0.03654765043163438
Country_083,2020,12.356197719414405,0.5564115773645859,11.341717218032196,7.329963964438033,10.352930058748301,3.5664152385433545,0.19383735480472009
Country_083,2021,13.275902195838167,0.6536110066743478,11.294729086083246,7.329963964438033,11.922793134941317,3.434192705425481,0.08415151509996424
Country_083,2022,13.542179966810567,0.7870780535381041,11.471511677746054,7.329963964438033,11.610486253062707,3.1723883362689467,0.1277298514529077
Country_083,2023,13.045937003170632,0.719142947402313,11.395897894312487,7.329963964438033,10.977109907547478,3.349576764027191,0.00145972421266673
Country_084,2014,6.323209852019709,0.650887393930738,7.289843328341805,8.548273559115128,17.24474843740632,2.926536470666296,0.15259365343076492
Country_084,2015,5.8753115066833805,0.7144264274766077,7.2432766095973955,8.548273559115128,16.959980736877366,2.991880304531373,0.0813384952355589
Country_084,2016,7.030384989875549,0.45968782645334527,7.302482343925288,8.548273559115128,13.588744292713505,3.541105913653083,0.08461178406802311
Country_084,2017,6.126449405065056,0.7131041588994933,7.2661306650534305,8.548273559115128,10.830778786179534,3.247785447927806,0.06616271109205264
Country_084,2018,6.644346250144398,0.5422534486154638,7.372615209361122,8.548273559115128,14.939138051505815,3.4117561346980496,0.04526708187679899
Country_084,2019,7.083325605574087,0.5428356910003654,7.360543076825847,8.548273559115128,13.506180737247494,3.3546079265927116,0.03082016394990454
Country_084,2020,6.384510138104712,0.7373673727476455,7.360334837279006,8.548273559115128,11.528577510286663,3.506761075201725,0.046765645516486876
Country_084,2021,6.262760994112872,0.6547089993184884,7.499556615779125,8.548273559115128,11.337908070556512,2.9355414627655123,0.03662583523245026
Country_084,2022,7.130858052456517,0.6685304935767699,7.522042704625155,8.548273559115128,11.231649174453892,3.808605160369798,0.02511545261874061
Country_084,2023,7.345449661173019,0.7970603719993267,7.497457928871208,8.548273559115128,10.205589442628806,3.82158575201165,0.0023789795646358817
Country_085,2014,11.222265645809124,0.42444216931388257,13.983196639690036,8.096298459365652,16.366446029577617,2.82450905199938,0.00433198245076913
Country_085,2015,11.530921716677609,0.49293735912680064,14.153734981884261,8.096298459365652,20.72582040208768,2.9086190441724806,0.016851237694340063
Country_085,2016,12.725346796196044,0.5142388943699439,14.058382294279488,8.096298459365652,13.339819616597126,3.3688636415974416,0.1392170803699127
Country_085,2017,11.706536084946038,0.5420999154764373,14.141452786812435,8.096298459365652,13.216940725324305,3.161423568110235,0.09895745300676102
Country_085,2018,12.203550215863235,0.49125859725954096,14.208603635655894,8.096298459365652,12.524633366078032,3.357464501129305,0.27641629898381576
Country_085,2019,12.99803137480341,0.7835051282745482,14.132926977625038,8.096298459365652,16.58435582106946,3.15516378858437,0.050147653801919996
Country_085,2020,12.447990801507974,0.6566396716019085,14.258868228863548,8.096298459365652,8.801210475611377,2.9347628301166577,0.014356017789605694
Country_085,2021,12.39923438740538,0.7392036684202807,14.362568239153607,8.096298459365652,11.529017998525308,3.4516971112294748,0.1946224011972592
Country_085,2022,13.114871531340174,0.8503593697854066,14.364714484250262,8.096298459365652,12.076869914432905,3.4464973236838734,0.060410716040429045
Country_085,2023,12.943141023809853,0.7471755499955233,14.467419197662792,8.096298459365652,9.126569313993409,3.275241075751762,0.06658402447219987
Country_086,2014,8.291756771408764,0.6971928211516537,9.322167555239819,7.914807117305902,17.14216100080561,2.9970627171216253,0.03198215497048774
Country_086,2015,8.256293799871827,0.625262722556546,9.366857689734864,7.914807117305902,14.12664207537311,3.005673022685839,0.16531325522964974
Country_086,2016,8.955862195073147,0.5936265730095992,9.279935574288368,7.914807117305902,11.756939705149945,3.287996163618564,0.0403417023635732
Country_086,2017,8.292509005111043,0.5756657504475008,9.354002410401751,7.914807117305902,10.817870573396863,3.1785899220230776,0.056274479169094484
Country_086,2018,8.254401789238543,0.4974713492460826,9.399736586627627,7.914807117305902,13.578367346237451,3.112558510610423,0.013653825324418528
Country_086,2019,9.808276141543281,0.7164347471328716,9.461240916755584,7.914807117305902,9.389252532317515,3.5587395521984826,0.06606935291358253
Country_086,2020,8.34445880548011,0.5578412974048457,9.411085138715451,7.914807117305902,12.271849134436696,2.953306100392762,0.0017009064957818135
Country_086,2021,8.787733545040828,0.8306444071733414,9.538579364599721,7.914807117305902,16.149346611705635,3.2029102159215914,0.06418126308632034
Country_086,2022,8.982361673031452,0.8319959890855997,9.429726600605052,7.914807117305902,9.58845303380927,3.4904128020303227,0.04163162462231645
Country_086,2023,9.001648174559332,0.6595685567508025,9.545009129798991,7.914807117305902,9.80816134190566,3.5126223537147787,0.02496313845845708
Country_087,2014,11.889951647733607,0.594255938671049,10.653546853444105,7.616567980997724,16.003370090337576,3.0064999725775725,0.009960242313866602
Country_087,2015,11.275943839330813,0.5977480437529216,10.578423970927043,7.616567980997724,14.662165085801647,3.5178257903137817,0.000807823407239646
Country_087,2016,11.65544944419641,0.7251510684767404,10.660113684685346,7.616567980997724,11.191520867476822,2.853277315192819,0.10033602500021646
Country_087,2017,10.814841725754851,0.5832449186702283,10.61298700517175,7.616567980997724,15.133674022861962,3.084967453515675,0.0020942930193328215
Country_087,2018,11.677292970291088,0.5403525696866639,10.756566626726647,7.616567980997724,11.632731435427225,3.1899073905194326,0.0008015408248489786
Country_087,2019,12.567344330186705,0.7563546307732248,10.75958830174887,7.616567980997724,12.695654349415845,3.182588502791075,0.1221728444556625
Country_087,2020,11.470746357009187,0.6725437105924078,10.80174010965548,7.616567980997724,12.907171047018437,3.416536162603037,0.10391040274980755
Country_087,2021,12.12516433203658,0.7777619302864011,10.777490865161242,7.616567980997724,10.18192145022271,3.265020182159439,0.14741835230768863
Country_087,2022,11.983297225818031,0.8378578959243881,10.887506519554284,7.616567980997724,11.24695961832919,3.559611974670468,0.17533517533747897
Country_087,2023,11.647057239292904,0.6365499558386685,10.985899675255313,7.616567980997724,8.795550714005351,3.442152705260251,0.007204140093011861
Country_088,2014,14.616351081815838,0.500231395625969,14.868053041805979,8.068676239703517,12.739642541030634,3.5102348505005296,0.0006825497388332491
Country_088,2015,13.481113866781675,0.5298859158619567,14.946990351737398,8.068676239703517,16.447244498855692,2.851591287844573,0.06881856821563802
Country_088,2016,14.86971173780687,0.6491039041802789,14.916528987561545,8.068676239703517,12.009652080201525,2.687911392518182,0.04361260928095693
Country_088,2017,13.762688121054683,0.483552960536083,14.961015988322634,8.068676239703517,13.531395591915517,3.242010868289289,0.02525181022611891
Country_088,2018,14.75998648598884,0.7445126908915755,15.049281877222379,8.068676239703517,9.089902459363435,3.2508852914853446,0.042251812597085305
Country_088,2019,15.306125991900117,0.5573186418039074,14.995489838578703,8.068676239703517,12.417414625985435,3.204394394043024,0.02872419189981685
Country_088,2020,14.307761647602499,0.7446997052214871,15.10873236038649,8.068676239703517,11.326209746429722,3.1828188078637645,0.023227993882343877
Country_088,2021,14.537875845136425,0.7000440626234349,15.094733137073305,8.068676239703517,13.041500419237575,3.008167288961909,0.1316495802641591
Country_088,2022,14.62342282833841,0.598719537448719,15.065966927291665,8.068676239703517,11.124662699238247,3.5448709022531357,0.02949426393788765
Country_088,2023,14.63742280123944,0.6543437328720721,15.165280002341042,8.068676239703517,11.508575706768545,3.2811343102420993,0.037124386503309174
Country_089,2014,9.175824482458838,0.5455218727428086,10.508932894139196,8.892387519592548,13.142415837095083,3.264150025565232,0.0150682837418857
Country_089,2015,8.904408840670625,0.5867612442596879,10.580186195216152,8.892387519592548,16.415864110431368,2.902985403274528,0.011916908107418236
Country_089,2016,9.191384280308224,0.6318124401628327,10.595567165554634,8.892387519592548,18.136452083011648,3.2352957337546084,0.07081629222702587
Country_089,2017,9.00141761036619,0.6869068164230903,10.605075811097143,8.892387519592548,11.815134739747347,3.144649750885172,0.18011149813586777
Country_089,2018,9.629652468426894,0.7495790731706911,10.610184445762947,8.892387519592548,9.882426009952317,3.2619675186399846,0.15670859475583068
Country_089,2019,9.505039151453873,0.5718109509026139,10.621886415285742,8.892387519592548,11.422852653406752,2.9445917878359085,0.030919801173929524
Country_089,2020,8.667664796656252,0.6916851443626004,10.679551596334543,8.892387519592548,10.522605003340875,2.9050658210825784,0.10977621063829915
Country_089,2021,9.194497397288107,0.6396002106353038,10.743796616761621,8.892387519592548,12.33493017964259,3.218318012976332,0.011170211015953599
Country_089,2022,9.74928383103761,0.6339044741726906,10.81478088612806,8.892387519592548,9.90418939158613,3.472205029028551,0.023356754009791467
Country_089,2023,9.261110683054202,0.7766307935321984,10.85471346813506,8.892387519592548,15.675817947061368,3.552934310877646,0.029611917795549864
Country_090,2014,9.434889049658246,0.6370394121178324,8.56705159529383,7.264755224384375,15.157928091336169,3.1354417042700367,0.13005031184892185
Country_090,2015,9.287911291561942,0.6185580936645017,8.716784718435196,7.264755224384375,15.331653258910686,3.2741696887295615,0.027930718163474408
Country_090,2016,9.419240612221843,0.5536867729437522,8.74453204727991,7.264755224384375,14.913376021460799,3.0229926395147557,0.13628384252158116
Country_090,2017,9.002207351508998,0.6584398615970956,8.699824013199262,7.264755224384375,15.017648832327218,3.302895644061158,0.13886563328073812
Country_090,2018,9.495272807996965,0.50680197068756,8.712980336421264,7.264755224384375,15.164224625986282,2.8999064574433966,0.027534150263053996
Country_090,2019,10.296248496225704,0.6788191793301785,8.74222483562197,7.264755224384375,14.967448556672386,3.197964930040881,0.0075185658436000835
Country_090,2020,9.59442163341099,0.8000365315749557,8.71034327585289,7.264755224384375,11.558923541686925,3.1031089007071806,0.06625586636879478
Country_090,2021,9.589983434979212,0.6831329453081778,8.870055248654332,7.264755224384375,11.92060608044399,3.0280958033838044,0.06529376751468581
Country_090,2022,9.971571705681134,0.560428502923753,8.818907294584848,7.264755224384375,10.490106059192822,3.6450941090628937,0.06794950157684974
Country_090,2023,9.720734034962595,0.6292190764796006,8.837258295722314,7.264755224384375,9.504076306364317,3.632366355702674,0.18895012035542125
Country_091,2014,11.103283397920723,0.5289493772539008,11.60351155521374,7.8264067524438685,15.855628790305806,3.1999429606530883,0.0483254159773261
Country_091,2015,10.87091163927774,0.5709400664244959,11.67246321474432,7.8264067524438685,10.097513053098163,3.2772941016734074,0.16619361391461135
Country_091,2016,11.341090234039623,0.6877664679280444,11.724581835272007,7.8264067524438685,16.324519195011334,2.934178163873191,0.03049064548348575
Country_091,2017,10.998539867281451,0.7484834326763341,11.655851260235366,7.8264067524438685,12.950309398660416,3.024302858737849,0.059861873924667464
Country_091,2018,12.003520507425906,0.6099752796927084,11.766691287761294,7.8264067524438685,10.005106662788503,3.3285313463709754,0.044454444449018936
Country_091,2019,12.779880939601965,0.7321985261882027,11.744091003304495,7.8264067524438685,10.248825771936062,3.2277018425749775,0.011222030680008746
Country_091,2020,11.190964782663478,0.664667569101198,11.857784911463837,7.8264067524438685,13.479350936235667,3.3892403672578957,0.26997326353773393
Country_091,2021,11.324135096322525,0.5991727998501051,11.896640109438177,7.8264067524438685,10.385738854855537,3.48193995398616,0.041535657584307155
Country_091,2022,11.787979405609017,0.8312340981438515,11.938318196332652,7.8264067524438685,11.04639195711475,3.320003594434218,0.07722196719388906
Country_091,2023,11.686253111318344,0.7597033132640704,11.85966807341541,7.8264067524438685,6.1440645356106245,3.668420592203867,0.025747681569360876
Country_092,2014,11.566520895354191,0.5178517229444207,11.504943313319496,8.119813759119499,15.62298171759558,3.06111287687141,0.25356753537416654
Country_092,2015,11.733272239431995,0.6060004000432225,11.58700442321003,8.119813759119499,14.512546312368837,3.2317624822699935,0.04562880488213582
Country_092,2016,12.566916909747029,0.6706292542163481,11.633254837844197,8.119813759119499,12.952848023186835,3.275636482994061,0.018442392145511254
Country_092,2017,11.946119838361227,0.7429587549080352,11.670458802315533,8.119813759119499,9.548073400216762,2.9540476104512052,0.057065555036836
Country_092,2018,11.98810601147187,0.7590016133373219,11.765880177234727,8.119813759119499,12.817848279293946,3.1658506721003388,0.1812510872242589
Country_092,2019,13.186180920805581,0.5689148851049695,11.711021407221534,8.119813759119499,8.952060767775741,2.9871658481790324,0.0043013652621374555
Country_092,2020,11.896874260981924,0.775446754493964,11.81397807080157,8.119813759119499,10.774033457458621,2.7791306129570588,0.3048067636729076
Country_092,2021,11.916134890604116,0.62756015311092,11.77948420010224,8.119813759119499,10.233537206570047,3.266964943767258,0.19338064189435242
Country_092,2022,13.14483220568622,0.8403232383713645,11.772092768729937,8.119813759119499,14.536338586119566,3.7998479392667006,0.003228893604177407
Country_092,2023,13.058610264090685,0.7894211639210206,11.954811026863867,8.119813759119499,8.283775083482261,3.1679145592351543,0.00785491586073047
Country_093,2014,9.668283507523945,0.4951777523070603,10.192978789662396,7.481845376313115,16.31929999616474,2.997554482956015,0.029689039421567132
Country_093,2015,8.84273931058355,0.6219024498866031,10.239485164877975,7.481845376313115,14.998835375370083,3.067191477603443,0.11527522136941887
Country_093,2016,9.475225579745125,0.7047485315204409,10.236139867129388,7.481845376313115,12.999604365808008,2.5761695589893323,0.0005697466118592566
Country_093,2017,9.095570466521849,0.6222296893901629,10.260692609832727,7.481845376313115,15.697966714883929,3.3868362032734427,0.24984900313867772
Country_093,2018,9.901906410828355,0.7661110879475124,10.195592948940254,7.481845376313115,14.490301728569635,2.9252221764822863,0.010816497414376682
Country_093,2019,10.08232211707877,0.6981409164093293,10.324257041554384,7.481845376313115,14.543245968146078,2.96774899896606,0.07364129344161542
Country_093,2020,9.40508484953854,0.6839844818991013,10.368380973716944,7.481845376313115,10.696649755687169,3.6162543903238307,0.14078596692331913
Country_093,2021,10.03348333284009,0.8204466121331404,10.41307847139453,7.481845376313115,8.735964862615125,3.4091121203573493,0.0289014890111965
Country_093,2022,9.707151831529176,0.6072114750049732,10.382247286890417,7.481845376313115,5.936461367498373,3.2426386686207227,0.006964900405773394
Country_093,2023,9.96930246985137,0.7801110571376062,10.471586459200278,7.481845376313115,11.957037287029072,3.3995848068180057,0.07772468179007663
Country_094,2014,10.169794770995884,0.5600663300660739,11.377829430701402,8.252290907238695,11.994258782635221,2.866372813993678,0.13115295119169387
Country_094,2015,10.13396332841403,0.5712790382379095,11.426990119091352,8.252290907238695,13.276732526610882,2.9733570326082766,0.006543346628828869
Country_094,2016,11.251751864101415,0.6052071634084384,11.56441056172174,8.252290907238695,12.501656546793516,3.192284966591704,0.054393459692103185
Country_094,2017,9.687527650736614,0.660012656618937,11.477025570515483,8.252290907238695,12.792628480865988,3.2794665371026954,0.07069967019097165
Country_094,2018,10.177549829454499,0.559490118466633,11.621004982662713,8.252290907238695,12.60475906440807,3.5396580784853913,0.08716222718497481
Country_094,2019,11.162271680189846,0.6938140832289788,11.56520969976194,8.252290907238695,15.156113777973935,3.5402509313909225,0.001644064850829255
Country_094,2020,10.747250550798158,0.7834757403197039,11.616628868046107,8.252290907238695,9.098144217777552,3.4541537612870274,0.05290039837372158
Country_094,2021,10.56430061772251,0.7807968732456659,11.597531070721711,8.252290907238695,11.447478413460296,3.429644190284059,0.19337166437074757
Country_094,2022,10.97458109084453,0.7631281354350934,11.681382123118514,8.252290907238695,12.380147352673225,3.310610454483467,0.07349492697107282
Country_094,2023,10.414318187916729,0.6264528044860683,11.709668239472068,8.252290907238695,9.433819195968333,3.3544295207929653,0.045312305305059114
Country_095,2014,10.641515921624737,0.5721925525095226,10.722660325614864,7.665928475836116,15.031364472943249,3.16807136478711,0.10724314514966586
Country_095,2015,9.940237215149157,0.5498301245124582,10.87844466903556,7.665928475836116,13.052070539064426,3.4876997972191983,0.0014823192316251196
Country_095,2016,10.531450948548377,0.532954135025984,10.909376451588354,7.665928475836116,17.080647959639773,3.1448834415888234,0.010874981727865898
Country_095,2017,10.199237146060533,0.7106715115271947,10.9363158051514,7.665928475836116,10.014456052237918,2.861288593163255,0.005547242644211102
Country_095,2018,10.66472547416131,0.6961000107497979,10.899375419508505,7.665928475836116,14.940632403576563,3.166202700369032,0.016983942189740517
Country_095,2019,11.083124786472244,0.7413123242413102,10.985002635903196,7.665928475836116,12.575393146247846,3.286759874598686,0.06787141428422803
Country_095,2020,10.11541827189576,0.6430071360225229,11.021999481346679,7.665928475836116,12.186316675399485,3.1446927310917254,0.02607432862978149
Country_095,2021,10.369785590533668,0.6248002081623477,11.019587487606008,7.665928475836116,11.192189546050624,3.7487725878465192,0.014156481914726644
Country_095,2022,11.32073255386766,0.8200565639081199,11.115864559442873,7.665928475836116,10.804949232508752,3.6976789355382857,0.010799943622207502
Country_095,2023,10.96225802889442,0.8600779431103756,11.023044672569629,7.665928475836116,12.229648876982022,3.6406795066475963,0.019780471821961264
Country_096,2014,6.6410897145735035,0.6887095949363585,8.971144506475316,9.042356460615508,15.463214948336184,2.936101985885466,0.13842015230852403
Country_096,2015,5.966420341839885,0.5143302317434216,8.876480942350554,9.042356460615508,17.21837898832805,3.3698109030957375,0.042337215067392416
Country_096,2016,6.707869993625361,0.6533365451045857,9.120522277780585,9.042356460615508,15.877280045357889,2.763654292934233,0.02214090123531436
Country_096,2017,6.077270167376165,0.5735042745047941,9.128646186199493,9.042356460615508,13.411277088976878,3.071815388095052,0.05170974485825537
Country_096,2018,6.674680637958232,0.55008742909457,9.10850059092887,9.042356460615508,10.042906126002402,3.477097268103618,0.11800123870364917
Country_096,2019,7.7293332038027645,0.6505806742342581,9.051619320333474,9.042356460615508,15.167771491001146,3.48598268208514,0.05330562648378555
Country_096,2020,6.425748801137888,0.7638198712914038,9.102184031942565,9.042356460615508,12.040212933738196,3.083151249277658,0.11624846107059603
Country_096,2021,6.443575839450972,0.6955198879899196,9.150573238338295,9.042356460615508,10.81635635950773,3.234679644651406,0.04175585026155025
Country_096,2022,6.800421440149837,0.6968950461652887,9.290889746276436,9.042356460615508,10.004654953141921,3.292888584060241,0.05692336839340313
Country_096,2023,6.933840445537774,0.7497241919653439,9.27471484021398,9.042356460615508,8.40568486261947,3.5070798753443375,0.19466523170782654
Country_097,2014,9.355671854188131,0.4027930872287061,9.376999959145794,7.800050004945342,16.22558148316658,2.881834377818505,0.06279958308364406
Country_097,2015,9.712925239927047,0.6039511082229352,9.395088048181822,7.800050004945342,10.328415122189991,3.1247674290003338,0.04553980356591435
Country_097,2016,9.885129845069232,0.5253535879227332,9.446599168543594,7.800050004945342,11.927712856049606,3.1257257381308854,0.15888820752722324
Country_097,2017,9.477129224720173,0.7160187200610826,9.491977343798185,7.800050004945342,12.648488790696819,3.1064628680997743,0.18743346421736543
Country_097,2018,9.797761157089274,0.49515224124968465,9.530045417106265,7.800050004945342,9.190111091978721,2.8752522835765544,0.016898532046329972
Country_097,2019,10.092069752506204,0.6454576219148311,9.509850277601476,7.800050004945342,10.070387728222713,2.976385178293602,0.26575248478187574
Country_097,2020,9.849233533258698,0.649052772533294,9.55500441642658,7.800050004945342,12.086081741700776,3.2241796503302504,0.007946418290837209
Country_097,2021,9.901287842872618,0.7110937523479512,9.621215682511814,7.800050004945342,14.3240537570865,3.100851509953266,0.0561056521643942
Country_097,2022,10.55666357742723,0.8445275466624479,9.533795829337004,7.800050004945342,11.733492815784514,3.4980363034981483,0.006496272237063918
Country_097,2023,9.819124883265088,0.6282140047572957,9.651353595673557,7.800050004945342,8.547199902672405,2.9961004271005183,0.08159586507982773
Country_098,2014,8.992902072279621,0.41217571364040856,8.965113676597166,7.902107364515709,14.337137257436995,3.1933088501041222,0.0025368867110252525
Country_098,2015,8.320475017009802,0.5109843078196337,8.968064147513005,7.902107364515709,15.533288891871935,2.9326942013814725,0.36337198064097903
Country_098,2016,10.134948213987181,0.5728207783119375,9.001953016031134,7.902107364515709,13.362307289010538,2.7883854528292975,0.09708588463389557
Country_098,2017,8.687445566339385,0.516741608898022,9.061471966446087,7.902107364515709,11.827816659560748,2.8678400612745887,0.15822300217786758
Country_098,2018,9.120137988738424,0.5856926652627535,9.058052143125906,7.902107364515709,14.395948060260196,3.3698285211864385,0.06101983573805935
Country_098,2019,9.727040166571491,0.7081590026985184,9.079688501196054,7.902107364515709,13.682272235847865,3.813197180744546,0.024933319932582108
Country_098,2020,9.57074128102903,0.7319927565246802,9.035315416251024,7.902107364515709,6.986856858926567,3.265662984526143,0.0034493424240329106
Country_098,2021,9.646650280462017,0.5905321653395746,9.301507589632692,7.902107364515709,10.98364972393713,3.425766726537896,0.04838842592375376
Country_098,2022,9.147076532520268,0.704040481891512,9.235451866088345,7.902107364515709,11.273493294798461,3.375095515112227,0.06923446527717875
Country_098,2023,9.430007492026384,0.6098488678541916,9.26175349653181,7.902107364515709,13.383884803905202,3.2608273384207354,0.006557363157966379
Country_099,2014,12.037909196669217,0.5292949188541776,11.485507012772254,6.782343834108556,15.352300903775385,3.3668404071712548,0.031492996421833
Country_099,2015,11.562106813594715,0.6149591765107725,11.526400073676834,6.782343834108556,11.151061079093509,2.697110365553888,0.005086999292422441
Country_099,2016,12.38855881808244,0.45968022948350884,11.53108559385178,6.782343834108556,15.641107005775794,3.2345251521743905,0.04147093419103836
Country_099,2017,11.873568234504663,0.6608833769612553,11.55486081469063,6.782343834108556,12.317443981260588,2.858682405348127,0.0473467636534982
Country_099,2018,12.19576444166185,0.6255766812441723,11.682294660558714,6.782343834108556,11.909627510547356,2.826239388343506,0.01605270561893693
Country_099,2019,12.953804751322219,0.5588702845063567,11.688401545670358,6.782343834108556,11.559593322429377,3.068638454794628,0.04299750045923359
Country_099,2020,11.344986627096372,0.5501859931667771,11.595066104516572,6.782343834108556,10.963861961049886,3.5164707746324617,0.0876775191735752
Country_099,2021,12.121291114373017,0.5980341684035813,11.719504663541208,6.782343834108556,7.912157773616074,3.3182697633061977,0.020653369984901616
Country_099,2022,12.582472794108869,0.7517788649544089,11.733571668127192,6.782343834108556,10.22691676820448,3.128006161976165,0.09846582535948754
Country_099,2023,11.978567488812415,0.7752483851467985,11.715354782222665,6.782343834108556,11.261556142730104,3.469273848011999,0.04597909995784067
Country_100,2014,7.004937902180006,0.46756213006486047,8.175346320063184,8.336146704020202,18.344531808195054,2.971426682931604,0.03661789277619629
Country_100,2015,7.155156399631702,0.5320333773436307,8.26789919551371,8.336146704020202,15.93098619353897,3.270132788984322,0.08416616080962953
Country_100,2016,7.988062775967854,0.6853712530497318,8.230727558699604,8.336146704020202,16.163028172599482,2.600430576086544,0.05499981841871066
Country_100,2017,6.90711985371962,0.5628899559100234,8.331686807139695,8.336146704020202,15.620287637342539,3.113253345046639,0.054865570822542925
Country_100,2018,8.21301807751935,0.6062689586277679,8.45285255502737,8.336146704020202,11.19724864020565,3.2202066975965593,0.13180356094660672
Country_100,2019,8.77237081309095,0.6010543104341458,8.38753896267945,8.336146704020202,10.71296981496144,3.4677229402638705,0.006526156261504148
Country_100,2020,7.486307628136105,0.6828634397082416,8.461579697269292,8.336146704020202,9.801910496890255,3.3326132687771155,0.23406464255598358
Country_100,2021,7.736128475485498,0.7220067969593658,8.371666321498449,8.336146704020202,9.778541673209324,3.4007413438983627,0.13744048060983483
Country_100,2022,8.258661139201571,0.7960927398143602,8.440950081720365,8.336146704020202,9.407871724558731,3.3684315957919835,0.05638669178093382
Country_100,2023,8.68056923457115,0.6864537170291976,8.602957270536647,8.336146704020202,11.383493472755115,3.72149227313666,0.0634579299835038
Country_101,2014,10.385780368899368,0.6521328251638061,11.657158189590016,7.339560822311341,11.91113230350351,3.1942843729632413,0.03458280028379763
Country_101,2015,8.963866209342388,0.4775619553213505,11.60376452201619,7.339560822311341,11.510487707100712,3.076865620053575,0.36238040803128363
Country_101,2016,10.332952697092292,0.6888931416058786,11.681274017934445,7.339560822311341,15.619188871943772,3.151391487636789,0.0420652918886132
Country_101,2017,9.202994609606998,0.649176609192563,11.724820177204151,7.339560822311341,17.60763738017319,2.881988621927838,0.056725446413248816
Country_101,2018,10.306466800304554,0.7006562117380744,11.84550665988008,7.339560822311341,13.251802776789917,3.0460813070995387,0.10201353117937176
Country_101,2019,10.852591029075448,0.7759612802391629,11.855888361239113,7.339560822311341,12.501511014909191,3.2282624566826694,0.06252330224468546
Country_101,2020,9.422169592326044,0.5225064112516415,11.859451778206143,7.339560822311341,10.722828349709939,3.358590366703767,0.10024955993403213
Country_101,2021,9.860306889219467,0.7415337810764598,11.879095579648116,7.339560822311341,12.472619986700444,3.368855858722856,0.0899463860228245
Country_101,2022,10.633148899983446,0.7165586885996537,11.976622870784333,7.339560822311341,9.861703602654933,3.499720963697446,0.18012245630086093
Country_101,2023,10.361275904461214,0.7540685596597426,11.877187353591097,7.339560822311341,11.537586034903443,3.3930175304245074,0.08875460361690726
Country_102,2014,7.684495032905775,0.4939546152110906,8.688874872493184,8.233975211065927,13.73813833252442,2.7129288168017838,0.04759570785630298
Country_102,2015,7.918162257921683,0.7113659735656483,8.831582332729594,8.233975211065927,12.82581973276992,3.269897405066616,0.06675162367443443
Country_102,2016,8.600249548755682,0.594030349137746,8.828529097574476,8.233975211065927,12.277380840605783,3.258144203708081,0.04644758524321818
Country_102,2017,7.498923664905786,0.6065814777633954,8.847051487701341,8.233975211065927,14.298456385878655,2.8228841946367504,0.32882474461044603
Country_102,2018,8.250169416884248,0.5779865717244027,8.848690895703967,8.233975211065927,13.233157024024928,3.0894208132612575,0.0019339234538286421
Country_102,2019,8.604799667798208,0.6314895824099498,8.796301145831013,8.233975211065927,11.325769458759705,3.105239251129666,0.09347387423967853
Country_102,2020,7.893342661123372,0.6158768278779995,8.85323761156577,8.233975211065927,12.138674323430696,3.15710078173938,0.012762156019854911
Country_102,2021,8.76654570060535,0.7548976030428085,8.995590560320137,8.233975211065927,13.134612407476652,3.294223272505366,0.08223996701068904
Country_102,2022,8.548230755846516,0.7933633116610632,8.99005751940873,8.233975211065927,10.16712313350395,2.9518306511954524,0.025994916721355947
Country_102,2023,8.470701928079848,0.8412902799587628,9.083437987230065,8.233975211065927,12.540073013804179,3.6867840967702747,0.06592533824221784
Country_103,2014,11.50735291606068,0.6247946065427303,12.170548766333505,8.037254796913386,16.196198310094932,3.464200799212361,0.052687850797614
Country_103,2015,10.313017901825077,0.6441673935265761,12.077451722693672,8.037254796913386,13.954133359548974,2.824947022038468,0.145534423405778
Country_103,2016,12.063729485264286,0.7207982537005333,12.127270738064995,8.037254796913386,10.982888063574286,2.9331142532964707,0.0935745245829267
Country_103,2017,11.254451557056473,0.7590049833804039,12.064530539368757,8.037254796913386,11.709144078149917,3.297764656690073,0.03511632978387397
Country_103,2018,11.132962093270585,0.6412137571331565,12.235880135560075,8.037254796913386,13.640433155897657,2.9406332305664056,0.047431281010477805
Country_103,2019,12.059441511911348,0.6662175150380633,12.201660908989242,8.037254796913386,12.419332179571912,3.3296896091024,0.012039841631427833
Country_103,2020,12.0678889843123,0.8001036718398806,12.210312985730418,8.037254796913386,10.257613939984738,3.6292736792149993,0.012170655014644654
Country_103,2021,11.305311243263478,0.8143849363545574,12.260100318385348,8.037254796913386,10.063870432763471,3.4749164618634487,0.0065574414395490645
Country_103,2022,11.062976537254855,0.7807860681545534,12.221777119894243,8.037254796913386,11.699847430498785,3.3310445109282205,0.07318944794919055
Country_103,2023,11.468506298303277,0.6707921021910445,12.335158563927607,8.037254796913386,9.04651619023596,3.2592221823173375,0.09321034201107603
Country_104,2014,7.702163653896556,0.4786105013520624,8.994579610823827,7.896507705450816,13.326039291120827,3.092452492890841,0.0073444586758247355
Country_104,2015,7.8351347553737325,0.6178269740549749,9.059978815496759,7.896507705450816,12.943810428334572,2.7616709706978373,0.03798842389426576
Country_104,2016,8.521217369595957,0.5911666390373821,9.028560132287629,7.896507705450816,12.905184954466254,2.899230054593823,0.031376854429348316
Country_104,2017,7.95052253141853,0.7291895487249216,9.09795733523358,7.896507705450816,12.357632051831628,2.583536336306149,0.0025047753131314534
Country_104,2018,8.794314430605652,0.582580348072418,9.072633666787912,7.896507705450816,14.366649023032183,3.4655230903210614,0.019807236651583772
Country_104,2019,8.900254637164622,0.7181393590645783,9.198071675320692,7.896507705450816,10.732561718617875,3.152201542084305,0.024464799120223472
Country_104,2020,7.644408471370644,0.597085689852541,9.169691676215194,7.896507705450816,12.89697090839288,3.0035171717882254,0.0580446845830855
Country_104,2021,7.471853664392542,0.6463271975962159,9.170633415621914,7.896507705450816,13.243048772175868,3.087072520841599,0.10403262381258702
Country_104,2022,8.3196698731875,0.8432284357791093,9.250259479576231,7.896507705450816,10.692004669604337,3.542238490684315,0.007990624709747018
Country_104,2023,8.22841038382505,0.6418608147705337,9.204387616537835,7.896507705450816,7.859013113189937,3.8976706323541723,0.09417709895822546
Country_105,2014,8.877766418382494,0.42017219021561103,9.955373801862306,8.48207794208599,18.905834764979023,3.263126372437649,0.07626563954313945
Country_105,2015,8.826058145726531,0.45553851152834457,10.070680418533204,8.48207794208599,17.05715033587875,3.2462767984550065,0.028050071780299803
Country_105,2016,9.37782866732391,0.5631568353054284,9.966202318146955,8.48207794208599,13.701088613670022,2.99791155864669,0.017521023395766614
Country_105,2017,9.11650261251533,0.56735234759246,10.104219883731847,8.48207794208599,11.305712700742372,3.1676471507771895,0.06275007723234081
Country_105,2018,9.033883517729626,0.6741666850193566,10.103729655324662,8.48207794208599,16.164233502607136,3.6319478521322,0.1750103616398904
Country_105,2019,9.98139767586352,0.5949807304482239,10.168005375176515,8.48207794208599,9.890821112399054,3.0328154941420733,0.0560250353777681
Country_105,2020,9.373036119695296,0.6671840727694598,10.20855492071155,8.48207794208599,14.740203707220742,3.3933510409677154,0.05393887580281878
Country_105,2021,9.23715407898606,0.7131061205071676,10.277870752355414,8.48207794208599,10.844387080246953,3.205046308350905,0.1300181885525293
Country_105,2022,9.851043951386856,0.6784325950315049,10.29639308409438,8.48207794208599,10.272853410169942,3.608769088434534,0.042606334014345715
Country_105,2023,9.2556359571205,0.580704242160236,10.280262818559148,8.48207794208599,10.605052736430633,3.6083308412187054,0.0103417427477591
Country_106,2014,9.203442766251854,0.45353520222951244,9.157765262360245,7.891738401231914,16.85786402706443,3.131790826956207,0.15930944258772164
Country_106,2015,9.564472814834945,0.6665404377762602,9.09089235078058,7.891738401231914,15.495576618835555,3.151042204817138,0.032902805119770895
Country_106,2016,10.031666782028617,0.5929271200702614,9.122652740830702,7.891738401231914,13.284344133117466,2.739319253154548,0.051603295105828374
Country_106,2017,9.193776268393414,0.730377762338969,9.250625895674307,7.891738401231914,10.809580658382796,3.0725501268042095,0.01214667237815577
Country_106,2018,9.884415867423122,0.7595738197792368,9.281958278562003,7.891738401231914,14.546479973331518,3.2302065818110273,0.004706379829529467
Country_106,2019,10.469631646154122,0.7008045052288389,9.244804526215896,7.891738401231914,14.437539791362706,3.194258215156071,0.0031484757370068878
Country_106,2020,9.305712397982095,0.5586936723781496,9.253020311099684,7.891738401231914,13.483644588780253,3.7783839864239033,0.002516826442100457
Country_106,2021,9.92385899668645,0.8347957234480707,9.346648478160228,7.891738401231914,11.132943655685693,3.142073211435044,0.1890287635895804
Country_106,2022,10.40139277449623,0.8365180008354984,9.27067775341501,7.891738401231914,11.11348336659364,3.562115584066001,0.09880425439473019
Country_106,2023,9.605685387801554,0.7864878995281765,9.331427145357905,7.891738401231914,9.267713083902112,3.3862767515545524,0.1218614872409798
Country_107,2014,14.15440479627173,0.5964327253852781,12.725451728009213,7.879284717637503,15.87247140960211,2.849221694289062,0.03024836621503738
Country_107,2015,13.925515289012118,0.4828557672937597,12.712835256510127,7.879284717637503,13.32841455310262,3.226183033806649,0.008828086203894393
Country_107,2016,14.724385163701863,0.4687262595990073,12.808114650671849,7.879284717637503,16.25537258903286,3.125212465600681,0.03617001905603351
Country_107,2017,13.93369545919258,0.6680529511138962,12.749647403857383,7.879284717637503,15.213951073965571,3.564755736560657,0.02000396546440889
Country_107,2018,15.037896871718688,0.6219639560653196,12.87524034359294,7.879284717637503,14.432680161080821,3.036459169602786,0.17961428245712072
Country_107,2019,15.21219724773187,0.7404056174810746,12.911844139166098,7.879284717637503,12.484622008557261,2.964777256571379,0.041681139158588516
Country_107,2020,14.535545856398064,0.6773309037573249,12.854331491189772,7.879284717637503,13.238065893177065,3.192484611799851,0.08222464338553191
Country_107,2021,14.501615612500686,0.778315267527857,12.88801066210757,7.879284717637503,10.922849765691797,3.2940150915355986,0.15454211647252672
Country_107,2022,15.557874444170658,0.8539203004321579,12.94712526969612,7.879284717637503,10.909754219351896,3.313591237151045,0.008495788720158532
Country_107,2023,15.234435997528534,0.86807990754762,12.962990858853606,7.879284717637503,10.169838869993908,3.644673190497123,0.04055133451428862
Country_108,2014,10.00840810436799,0.5895324530958266,9.557543018506333,7.415259685398492,12.92401729002154,2.9973334305927075,0.03244134932979659
Country_108,2015,9.524372431661435,0.5506767474038128,9.555836083548979,7.415259685398492,11.410128155693199,3.364719927846517,0.09263746738365018
Country_108,2016,10.32666803500749,0.6228585529262191,9.45291539744623,7.415259685398492,15.366424808002138,2.738364415493968,0.0532515175216608
Country_108,2017,9.1407512339461,0.5241403631988198,9.46750089117467,7.415259685398492,12.646391610129484,3.2128901644581314,0.08647610757093327
Country_108,2018,10.06841726716124,0.6557589151583765,9.529961154598915,7.415259685398492,15.196969752103637,3.2058537967809655,0.18858174445079
Country_108,2019,11.054998671409635,0.74486835555884,9.671435396150043,7.415259685398492,9.623177666410882,2.996620657414681,0.054628577402379294
Country_108,2020,10.19572005978067,0.6698855235996286,9.640670532117905,7.415259685398492,13.509917532283929,3.1059232036497493,0.026331811277781562
Country_108,2021,9.726611670245795,0.5915129966921064,9.583404390947015,7.415259685398492,13.118529396483972,2.9832871572025823,0.0793038059994726
Country_108,2022,10.18940320372874,0.6449889583993107,9.675050526818703,7.415259685398492,9.371978661416888,3.5475251860261006,0.07503621193383003
Country_108,2023,9.96392581127388,0.7844381837551515,9.684432152311581,7.415259685398492,11.112901725926681,3.419540404301171,0.26553473258625604
Country_109,2014,11.641449123942575,0.5934568130289181,11.015434418364116,7.098124757953752,13.639653047304098,3.098703207040576,0.001796240455659148
Country_109,2015,10.54800636481086,0.5162806314958321,11.051778620041063,7.098124757953752,14.041837938156581,3.0955534002809744,0.13889163975791774
Country_109,2016,11.289543072620466,0.6536023883594488,11.029676991146308,7.098124757953752,15.019378462449312,2.8166127183048695,0.12233565210508796
Country_109,2017,11.11173400083753,0.5728935450864993,11.0557728321448,7.098124757953752,8.26373360261544,3.0518858330228267,0.09255152082106557
Country_109,2018,12.242029623467205,0.7248100506906205,11.04993957012558,7.098124757953752,12.437671915070885,3.1872746325105275,0.02835712388420895
Country_109,2019,11.788962243592636,0.5708023790971136,11.078039305647764,7.098124757953752,14.303457394280548,3.1620600098128384,0.22006689426312462
Country_109,2020,11.17218997056892,0.7820174373727657,11.064566674759776,7.098124757953752,12.671936346881154,2.9730612962491207,0.018583071310499383
Country_109,2021,11.454024725673287,0.7431911877894424,11.131880081594389,7.098124757953752,9.491418873011494,3.4734126089470405,0.005453071393585748
Country_109,2022,12.11065459360209,0.8410847761726087,11.218168174303253,7.098124757953752,8.461069467974374,3.70250614046051,0.023559051562586843
Country_109,2023,11.86726177268417,0.6322031344048373,11.224720298422458,7.098124757953752,9.534032147854319,3.0357640234839067,0.05650669937430299
Country_110,2014,11.876220806212443,0.6613830964363472,11.47580957935271,7.085159092395958,13.179026592936957,2.9431419778893324,0.0641151619708714
Country_110,2015,10.98377782637133,0.5967994934843185,11.409648496721339,7.085159092395958,13.83484124030025,2.7633352143238628,0.04809928407761437
Country_110,2016,11.72458650834632,0.46907519812009846,11.504063912930324,7.085159092395958,16.64199157908142,3.464174362024695,0.12588837511295878
Country_110,2017,10.692352119083774,0.6730519799770482,11.462646466860477,7.085159092395958,14.262851235068684,2.801087009620393,0.08855060690050831
Country_110,2018,12.324670120613565,0.7539617885442518,11.565879473616308,7.085159092395958,10.259946745271142,2.9462616046313657,0.15720592331031072
Country_110,2019,12.063218290833232,0.5256798658468305,11.637379670852631,7.085159092395958,13.482825512711054,3.3636368006680795,0.0017785462317114365
Country_110,2020,11.622544846149568,0.7034484558157598,11.54278949756716,7.085159092395958,14.849255464154487,3.092288738792823,0.009139763900623403
Country_110,2021,12.182615639261018,0.6961966061202335,11.641221869940546,7.085159092395958,10.092579201337134,3.3636700887306263,0.04391623767322469
Country_110,2022,11.43623190725448,0.6606671605089972,11.646542639229391,7.085159092395958,10.850146887763104,3.579105107483395,0.15034070033480146
Country_110,2023,11.688088448765905,0.6023531385455921,11.676984949713349,7.085159092395958,10.41732559038166,3.550234252897734,0.09452722499048243
Country_111,2014,8.205809541127856,0.4085012351150154,11.267085547779532,8.289464324285618,17.51069956057695,3.0967557668005554,0.023984166620042418
Country_111,2015,7.392181786853564,0.4320990483154539,11.172515816635974,8.289464324285618,15.891864201881699,2.944215499522938,0.0329687300717272
Country_111,2016,9.131628298048021,0.5830261626524984,11.26406575292557,8.289464324285618,8.650865743691718,2.7892213991104917,0.02838238582383488
Country_111,2017,7.870891504408277,0.7173296645117326,11.299623952152569,8.289464324285618,14.663563541256725,2.929645127412045,0.09531650010302338
Country_111,2018,8.37976173698488,0.4995002366846666,11.296038383120116,8.289464324285618,10.19426768558429,3.1720402161978503,0.1867240026696835
Country_111,2019,9.34562581809803,0.7233104612911971,11.334656536271128,8.289464324285618,14.724201238442678,3.493585428394903,0.04522326293586256
Country_111,2020,7.784909678913699,0.8022897363528382,11.3603982744683,8.289464324285618,14.943170165139788,2.702121395767357,0.12299612372442782
Country_111,2021,8.228623617923635,0.5939393440485227,11.410982935167908,8.289464324285618,14.077726850412605,3.4506520453051013,0.11186488362317193
Country_111,2022,9.01632452566295,0.8090098050884225,11.537213838519945,8.289464324285618,10.060471071325725,3.12371346949394,0.03053073272068724
Country_111,2023,8.601555944753864,0.5955057039733396,11.47275035062944,8.289464324285618,6.913847204175221,3.5248971155182574,0.011380771872505335
Country_112,2014,8.663596929801107,0.5341997279998564,8.264532483031582,7.865024051587418,15.207076307898351,3.1034460100554773,0.009601819903534703
Country_112,2015,8.295928000062647,0.539066817926712,8.20403422890497,7.865024051587418,12.144477084017284,3.1528096281372933,0.03929923781872912
Country_112,2016,8.062632611856625,0.6126503055407178,8.21960868443075,7.865024051587418,12.784352214768752,3.2043382519161967,0.014971687885173359
Country_112,2017,7.802965058669317,0.5373818520360703,8.320454601348402,7.865024051587418,14.343433866006194,3.23945043109845,0.032426218269702725
Country_112,2018,8.739493018968732,0.661804500743833,8.264337343433015,7.865024051587418,13.375600676085044,3.3836062937359976,0.09741987656000017
Country_112,2019,9.0615113160227,0.7575120139283187,8.273514617330747,7.865024051587418,16.89329210995791,3.2497464293025007,0.2145146664928084
Country_112,2020,7.701004703780054,0.656344819886607,8.419300414375213,7.865024051587418,16.730815543999945,3.312205716711264,0.038237696791969186
Country_112,2021,8.353782801961438,0.6450817112007983,8.413093297317639,7.865024051587418,11.421675769114481,3.13195298396285,0.003931667718057731
Country_112,2022,8.529414721286756,0.7882114418131685,8.443500269391969,7.865024051587418,13.91086896783065,3.446572122392915,0.023404042933619636
Country_112,2023,8.435844980171156,0.6150636281772818,8.435154470334147,7.865024051587418,8.97516409879417,3.394797787656704,0.07088094955029656
Country_113,2014,9.776610456243949,0.48101753983046674,10.382840371774686,7.801442334216073,18.593330403350034,3.1194145122022716,0.04305807949639017
Country_113,2015,10.358705496977738,0.5895216849110081,10.495437594431252,7.801442334216073,12.626815987512716,3.1817870709707368,0.009774399363873509
Country_113,2016,10.488243273965237,0.7234954356667529,10.4705379715015,7.801442334216073,17.63351125915021,3.175406767565603,0.038498762652064956
Country_113,2017,10.123961112981355,0.74865577284754,10.522226390561388,7.801442334216073,14.098171468042212,3.0945593769316635,0.13018443799928417
Country_113,2018,10.336503873226462,0.5684793407411594,10.601004752236209,7.801442334216073,7.5849122892376455,3.110556437054229,0.015012699871361938
Country_113,2019,11.21504942338961,0.5255601432678986,10.607079831410363,7.801442334216073,13.905319996998612,3.513018802021561,0.2502883996003483
Country_113,2020,10.056687664471239,0.5474448873788942,10.66459514139808,7.801442334216073,13.553873405863033,2.9852740857916404,0.01599499696747423
Country_113,2021,10.467040615547623,0.6805954910989156,10.632029016305466,7.801442334216073,12.036100855179507,3.0999372834081376,0.030396057444876345
Country_113,2022,10.830379932315136,0.6441906739629548,10.590020438135742,7.801442334216073,9.609701283846256,3.5549160995463485,0.027166784590253762
Country_113,2023,11.169097020293473,0.793780422189518,10.73382680782241,7.801442334216073,8.340934295667921,3.2263879144036345,0.02324983429969145
Country_114,2014,11.931815797658222,0.44702888427978843,10.168730820744456,8.595545341573096,12.200636990534628,3.2432919555798234,0.0018209131335547983
Country_114,2015,12.428418691272608,0.624013816912281,10.382832448318783,8.595545341573096,13.919092167544422,3.196056763861393,0.001455725417785709
Country_114,2016,12.698453330900167,0.6024006148103802,10.411435201584652,8.595545341573096,14.569509186771137,2.933897540344492,0.1748290282336208
Country_114,2017,12.430319719045038,0.6357556367299505,10.422139712507725,8.595545341573096,13.337865789129166,3.35682199810072,0.08610632386285244
Country_114,2018,12.728609623336162,0.7209136574027639,10.416388210680092,8.595545341573096,8.014379001209292,2.923645951503289,0.00804665482867739
Country_114,2019,13.182549260318853,0.6216858170766327,10.377477902421896,8.595545341573096,16.06784519040354,3.1560034853339984,0.07205421674362779
Country_114,2020,12.502325587267126,0.5711591168181326,10.490466950068617,8.595545341573096,13.019366154484658,3.358113517117731,0.17086727275546834
Country_114,2021,13.394019367786294,0.8157114831086014,10.636490028436473,8.595545341573096,9.444152469978523,3.3261551287468194,0.025661903109715358
Country_114,2022,12.996446926390076,0.6460600624948383,10.441320304839035,8.595545341573096,8.015075459988015,3.5319304597554497,0.005793778517894759
Country_114,2023,12.716990815461715,0.6833517680182191,10.501988813019546,8.595545341573096,11.536437900890823,3.4316208749168626,0.11702676144533464
Country_115,2014,11.116815986030039,0.6620725917279202,10.951561589108362,7.867727050647639,10.230188982098834,3.0159285379787795,0.08887435485212879
Country_115,2015,10.959685826614184,0.6420939092531854,11.119626965002277,7.867727050647639,14.109054712828053,3.3922803511568267,0.03418865345376056
Country_115,2016,11.060611264874849,0.5655089115286379,11.215419315643242,7.867727050647639,14.564068438418685,3.2437305256511495,0.013443660834364199
Country_115,2017,9.801704307835843,0.6662394412149184,11.027760425171435,7.867727050647639,11.1636443442996,3.2958623633076556,0.1679645144202749
Country_115,2018,10.775583585048054,0.7779491216800436,11.209845123982157,7.867727050647639,12.671701174556452,3.1500611655066413,0.2402685033847104
Country_115,2019,11.182656258875124,0.5061204832064619,11.25873656261635,7.867727050647639,12.517576885264143,2.945170618590797,0.15863451794540395
Country_115,2020,10.341143887030631,0.7222658897342191,11.277461547999277,7.867727050647639,9.735701718567986,2.975798343084732,0.13242922908410887
Country_115,2021,10.81174985806818,0.7219536675969657,11.248629916424356,7.867727050647639,14.298455900142319,3.5836336802908195,0.044271154933498105
Country_115,2022,10.494623309704151,0.7208576837846613,11.24119233775094,7.867727050647639,9.186194250555879,2.9852187990056707,0.007644902746168385
Country_115,2023,10.45574574303748,0.6390860890626164,11.273123762042959,7.867727050647639,11.890330496660281,3.1651755176684127,0.07013834985285278
Country_116,2014,8.123761960313617,0.44672548685965896,7.268468422450999,7.581297137342254,15.357058339440956,2.965103098676595,0.04249500350500182
Country_116,2015,8.025407071133422,0.5862509164833001,7.369547882254239,7.581297137342254,13.412786207813895,3.403247972059881,0.015630776917533746
Country_116,2016,8.479953024791627,0.7241511850530182,7.4371304559048514,7.581297137342254,12.805042283951193,3.098545481000059,0.019281820146016617
Country_116,2017,8.100195570341112,0.5031062875552639,7.421024044320173,7.581297137342254,12.628471006058762,3.2086687083854457,0.012423323721889071
Country_116,2018,8.559709070789454,0.5810765739230237,7.478964832689323,7.581297137342254,10.646710112199894,2.8556634850146088,0.007276256159487327
Country_116,2019,9.126342240095976,0.6284058057318931,7.457855142428283,7.581297137342254,11.369879052897614,3.0003458980262394,0.0009714694765480167
Country_116,2020,8.9261552258849,0.8088611482005429,7.641727414184475,7.581297137342254,12.874253559462105,3.141413690012024,0.06815298273963262
Country_116,2021,8.366720962758844,0.6187900837098221,7.49364543211406,7.581297137342254,9.990267606856158,3.6886651271480764,0.055968512872936665
Country_116,2022,8.545233681793238,0.8017910386012862,7.587236697592118,7.581297137342254,10.414629082049446,3.5948524526172903,0.044492608096565835
Country_116,2023,8.560298500487326,0.8450049103066313,7.706334315446597,7.581297137342254,11.013501597323575,3.0532006633706095,0.11208540001550825
Country_117,2014,8.19762659322824,0.5211433015742498,8.536932094891759,7.736722433431649,16.33325576691378,2.879370486597261,0.02673764659333175
Country_117,2015,7.562663334663066,0.49562096605505146,8.57402970098637,7.736722433431649,13.033035866643441,2.6104173108851976,0.32173532805117055
Country_117,2016,9.282539875243682,0.4669477257716252,8.5400308854734,7.736722433431649,13.621971404635051,3.438366967504917,0.043407183175778775
Country_117,2017,8.154575228689236,0.6149639531167786,8.574815212739543,7.736722433431649,13.306479793626222,2.911594731603363,0.008770850039929662
Country_117,2018,8.827530963073377,0.5554290456562391,8.574254525480612,7.736722433431649,13.89965442745302,3.117701751755744,0.031748140055053525
Country_117,2019,9.808562561829318,0.505883159742276,8.664414279885824,7.736722433431649,9.55099462590353,3.3051968985824947,0.1831252935865291
Country_117,2020,8.55478016146939,0.7575883043400147,8.717600596620128,7.736722433431649,11.067622776107553,3.2466773973440923,0.014921080007798734
Country_117,2021,8.931583790125947,0.7068709182077318,8.683498172281135,7.736722433431649,9.71886237881797,3.468506743917449,0.010807879712107296
Country_117,2022,8.988896346178619,0.6029244186251942,8.722151910317368,7.736722433431649,13.3267521103271,3.313870149449235,0.08603590856403709
Country_117,2023,8.776564365715958,0.7287458417945618,8.732058286191414,7.736722433431649,15.621005918711369,3.3681154853938367,0.08825316965596948
Country_118,2014,7.488535403467143,0.4410899903632708,9.322609460701374,8.21617635710017,12.356888426977898,2.7840180318278382,0.05179586985300472
Country_118,2015,7.381625722281016,0.5642358504539182,9.415109452791192,8.21617635710017,16.206330612826385,2.9926015628418,0.11683348941125246
Country_118,2016,8.025630711533909,0.693723463497729,9.462745399989918,8.21617635710017,11.39778146721731,3.358410726445425,0.0988410117085574
Country_118,2017,6.801269801031145,0.6331160025140633,9.424517555588821,8.21617635710017,15.666290425321469,3.022339351713823,0.39473815451952876
Country_118,2018,7.540447775587603,0.6750890922220523,9.525837922587739,8.21617635710017,14.405066627867711,2.9962126659214707,0.024317163577034943
Country_118,2019,8.854741556123315,0.7161248207277029,9.524322417527841,8.21617635710017,8.991430294355002,3.388185058426002,0.003422612715938452
Country_118,2020,7.769912251987569,0.7960590958222822,9.737572410032293,8.21617635710017,12.194311574172495,3.3193487825878094,0.15372937025514602
Country_118,2021,7.790715890754049,0.5457130227822876,9.659171308654704,8.21617635710017,10.815702697745522,3.3960111223091003,0.08564810167427203
Country_118,2022,8.304282280275789,0.8360341439967887,9.635304162472476,8.21617635710017,10.845011400214025,3.304058652088435,0.09364847670004321
Country_118,2023,7.779947360522719,0.6442815427930779,9.640925540334909,8.21617635710017,10.396915582784697,3.473662229623334,0.07783512590743245
Country_119,2014,11.206954311441146,0.4038269439122292,10.552697638451352,8.674589524444352,17.00447233340585,2.8564190214181577,0.06669533123542194
Country_119,2015,10.573985332221964,0.6951295515515383,10.500875694914559,8.674589524444352,17.118888202805294,3.128267516168924,0.0003495288508162483
Country_119,2016,11.158513446441598,0.5520698858117242,10.582803292478612,8.674589524444352,12.656558421483846,3.1821347946549596,0.04680286627200648
Country_119,2017,11.145691394255774,0.7031298740719512,10.625525957668023,8.674589524444352,13.384098916474565,3.3726544625478785,0.0958172401931835
Country_119,2018,11.3317141789273,0.5617401552099288,10.625105482727507,8.674589524444352,12.404266390086278,3.144129344917335,0.012069999858002552
Country_119,2019,11.993388097183267,0.5225280937415941,10.725907014382571,8.674589524444352,8.944638075259597,3.217907289636591,0.19496635517435604
Country_119,2020,11.55849065166614,0.7020158739346696,10.752020645810271,8.674589524444352,13.553863384709658,3.5918044696583777,0.07926420158801252
Country_119,2021,11.595219402775975,0.7596871702277088,10.761216709507849,8.674589524444352,11.56437017407368,3.4375647532487146,0.01943095022753379
Country_119,2022,11.997981606997724,0.714224208685782,10.774892936927822,8.674589524444352,9.292134183079888,3.3572207022711362,0.06767646567428325
Country_119,2023,11.612948486090106,0.7645644689790743,10.778808821624883,8.674589524444352,10.565277673381743,3.383583050665161,0.07217756256064262
Country_120,2014,12.135159138182448,0.45139736333631253,10.91555169074394,7.421529301385265,13.936244499421342,3.2092514426874343,0.08252538058843907
Country_120,2015,11.280740062739586,0.5587084341743218,10.935185990517942,7.421529301385265,12.635257513636025,3.2507381422224,0.21190063047712948
Country_120,2016,12.348545487157995,0.6744569388599202,11.082076414263478,7.421529301385265,13.172210115450286,2.7740533669507608,0.13902466446932604
Country_120,2017,11.052716004853341,0.5617610293815755,11.074365474549003,7.421529301385265,13.314250997213895,3.373676256422116,0.15256524862381526
Country_120,2018,12.184369930020246,0.559379133564309,11.156259442512528,7.421529301385265,13.649316471005037,2.642918825454864,0.0009370585879527763
Country_120,2019,13.25861908844151,0.677574321325721,11.231412350348487,7.421529301385265,13.873913264197355,3.3471431682707995,0.005526594741299645
Country_120,2020,11.6280539443267,0.6024937575920921,11.175568172748068,7.421529301385265,10.121688860458637,3.2735992294291454,0.06465279222150659
Country_120,2021,12.125343366996518,0.7331311824303735,11.25404791147066,7.421529301385265,9.626409530081235,3.5852980875270064,0.08368804864270138
Country_120,2022,12.189635124111296,0.5634169004265659,11.263792087812137,7.421529301385265,15.119690003474805,3.2131691585900914,0.22863041251951902
Country_120,2023,11.766431181092226,0.6556545945457809,11.270903309300923,7.421529301385265,12.986938256691927,3.3306341623768576,0.05178784354063899
